/*
 Navicat Premium Data Transfer

 Source Server         : 本地
 Source Server Type    : MySQL
 Source Server Version : 80200
 Source Host           : localhost:3306
 Source Schema         : xm-blog

 Target Server Type    : MySQL
 Target Server Version : 80200
 File Encoding         : 65001

 Date: 31/07/2024 01:19:33
*/

SET NAMES utf8mb4;
SET FOREIGN_KEY_CHECKS = 0;

-- ----------------------------
-- Table structure for activity
-- ----------------------------
DROP TABLE IF EXISTS `activity`;
CREATE TABLE `activity`  (
  `id` int NOT NULL AUTO_INCREMENT COMMENT 'ID',
  `name` varchar(255) CHARACTER SET utf8mb4 COLLATE utf8mb4_unicode_ci NULL DEFAULT NULL COMMENT '活动名称',
  `descr` varchar(1000) CHARACTER SET utf8mb4 COLLATE utf8mb4_unicode_ci NULL DEFAULT NULL COMMENT '活动简介',
  `content` longtext CHARACTER SET utf8mb4 COLLATE utf8mb4_unicode_ci NULL COMMENT '活动内容',
  `start` varchar(255) CHARACTER SET utf8mb4 COLLATE utf8mb4_unicode_ci NOT NULL COMMENT '开始时间',
  `end` varchar(255) CHARACTER SET utf8mb4 COLLATE utf8mb4_unicode_ci NULL DEFAULT NULL COMMENT '结束时间',
  `form` varchar(255) CHARACTER SET utf8mb4 COLLATE utf8mb4_unicode_ci NULL DEFAULT NULL COMMENT '活动形式',
  `address` varchar(255) CHARACTER SET utf8mb4 COLLATE utf8mb4_unicode_ci NULL DEFAULT NULL COMMENT '活动地址',
  `host` varchar(255) CHARACTER SET utf8mb4 COLLATE utf8mb4_unicode_ci NULL DEFAULT NULL COMMENT '主办方',
  `read_count` int NULL DEFAULT 0 COMMENT '浏览量',
  `cover` varchar(255) CHARACTER SET utf8mb4 COLLATE utf8mb4_unicode_ci NULL DEFAULT NULL COMMENT '封面',
  PRIMARY KEY (`id`) USING BTREE
) ENGINE = InnoDB AUTO_INCREMENT = 11 CHARACTER SET = utf8mb4 COLLATE = utf8mb4_unicode_ci COMMENT = '活动' ROW_FORMAT = DYNAMIC;

-- ----------------------------
-- Records of activity
-- ----------------------------
INSERT INTO `activity` VALUES (1, '吃大饼活动1', '吃大饼活动吃大饼活动吃大饼活动吃大饼活动吃大饼活动吃大饼活动吃大饼活动吃大饼活动', '<p>知识星球【项目训练营】发起了一个吃大饼的活动</p><p><img src=\"http://localhost:9090/files/1702347248517-博客.png\" style=\"max-width:100%;\" contenteditable=\"false\"/></p><br/>', '2023-12-06', '2023-12-31', '线上', 'http://111.229.67.228:81/', '知识星球【项目训练营】', 0, 'http://localhost:9090/files/1701837871996-活动4.png');
INSERT INTO `activity` VALUES (2, '敲代码活动2', '敲代码活动敲代码活动敲代码活动敲代码活动敲代码活动敲代码活动敲代码活动敲代码活动敲代码活动敲代码活动敲代码活动', '<p><img src=\"http://localhost:9090/files/1701828813190-image.png\" style=\"max-width:100%;\" contenteditable=\"false\"/></p>', '2023-12-06', '2023-12-31', '线上', 'http://111.229.67.228:81/', '项目训练营', 0, 'http://localhost:9090/files/1701837865233-活动1.png');
INSERT INTO `activity` VALUES (3, '吃大饼活动3', '吃大饼活动吃大饼活动吃大饼活动吃大饼活动吃大饼活动吃大饼活动吃大饼活动吃大饼活动', '<p>知识星球【项目训练营】发起了一个吃大饼的活动</p><p><img src=\"http://localhost:9090/files/1702347248517-博客.png\" style=\"max-width:100%;\" contenteditable=\"false\"/></p><br/>', '2023-12-06', '2023-12-31', '线上', 'http://111.229.67.228:81/', '知识星球【项目训练营】', 0, 'http://localhost:9090/files/1701837871996-活动4.png');
INSERT INTO `activity` VALUES (4, '敲代码活动4', '敲代码活动敲代码活动敲代码活动敲代码活动敲代码活动敲代码活动敲代码活动敲代码活动敲代码活动敲代码活动敲代码活动', '<p><img src=\"http://localhost:9090/files/1701828813190-image.png\" style=\"max-width:100%;\" contenteditable=\"false\"/></p>', '2023-12-06', '2023-12-31', '线上', 'http://111.229.67.228:81/', '项目训练营', 3, 'http://localhost:9090/files/1701837865233-活动1.png');
INSERT INTO `activity` VALUES (5, '吃大饼活动5', '吃大饼活动吃大饼活动吃大饼活动吃大饼活动吃大饼活动吃大饼活动吃大饼活动吃大饼活动', '<p>知识星球【项目训练营】发起了一个吃大饼的活动</p><p><img src=\"http://localhost:9090/files/1702347248517-博客.png\" style=\"max-width:100%;\" contenteditable=\"false\"/></p><br/>', '2023-12-06', '2023-12-31', '线上', 'http://111.229.67.228:81/', '知识星球【项目训练营】', 2, 'http://localhost:9090/files/1701837871996-活动4.png');
INSERT INTO `activity` VALUES (6, '敲代码活动6', '敲代码活动敲代码活动敲代码活动敲代码活动敲代码活动敲代码活动敲代码活动敲代码活动敲代码活动敲代码活动敲代码活动', '<p><img src=\"http://localhost:9090/files/1701828813190-image.png\" style=\"max-width:100%;\" contenteditable=\"false\"/></p>', '2023-12-06', '2023-12-31', '线上', 'http://111.229.67.228:81/', '项目训练营', 0, 'http://localhost:9090/files/1701837865233-活动1.png');
INSERT INTO `activity` VALUES (7, '吃大饼活动7', '吃大饼活动吃大饼活动吃大饼活动吃大饼活动吃大饼活动吃大饼活动吃大饼活动吃大饼活动', '<p>知识星球【项目训练营】发起了一个吃大饼的活动</p><p><img src=\"http://localhost:9090/files/1702347248517-博客.png\" style=\"max-width:100%;\" contenteditable=\"false\"/></p><br/>', '2023-12-06', '2023-12-31', '线上', 'http://111.229.67.228:81/', '知识星球【项目训练营】', 3, 'http://localhost:9090/files/1701837871996-活动4.png');
INSERT INTO `activity` VALUES (8, '敲代码活动8', '敲代码活动敲代码活动敲代码活动敲代码活动敲代码活动敲代码活动敲代码活动敲代码活动敲代码活动敲代码活动敲代码活动', '<p><img src=\"http://localhost:9090/files/1701828813190-image.png\" style=\"max-width:100%;\" contenteditable=\"false\"/></p>', '2023-12-06', '2023-12-31', '线上', 'http://111.229.67.228:81/', '项目训练营', 54, 'http://localhost:9090/files/1701837865233-活动1.png');
INSERT INTO `activity` VALUES (9, '吃大饼活动9', '今年，清华大学与云杉网络联手，向国际顶级学术会议ACM SIGCOMM提交了一篇关于零侵扰（Zero Code）可观测性的开创性论文，为“网络感知应用”提供了坚实的理论基础。该论文的发表标志着零侵扰可观测性这一新兴领域得到了正式的学术认可。\r\n\r\n为了进一步推动零侵扰可观测性技术的发展和应用，由清华大学携手云杉网络主办，腾讯互娱、蚂蚁集团协办的“以网络为中心的零侵扰可观测性”技术论坛，将于12月16日在北京·清华大学举办。', '<h2 id=\"6jlqd\">知识星球【项目训练营】发起了一个吃大饼的活动</h2><p><br/></p><p><img src=\"http://localhost:9090/files/1702347248517-博客.png\" style=\"max-width:100%;\" contenteditable=\"false\"/></p><br/>', '2023-12-06', '2023-12-31', '线下', '安徽省合肥市政务区天鹅湖', '知识星球【项目训练营】', 302, 'http://localhost:9090/files/1701837871996-活动4.png');
INSERT INTO `activity` VALUES (10, '敲代码活动10', '本次活动邀请了来自清华大学、光大银行、民生银行、腾讯互娱、蚂蚁集团的技术专家。他们将共同探讨零侵扰可观测性的理论逻辑、实践价值和未来发展趋势，分享该技术如何高效支撑核心交易系统的分布式改造、大型互联网游戏的稳定迭代以及LLM基础设施的高效运行等领域的成功案例和实践经验。\r\n\r\n为零侵扰可观测性技术的进一步发展和应用提供重要的交流平台，促进学术和技术的融合与发展。我们诚挚地邀请广大科技爱好者踊跃参加，共同探讨这一前沿技术的未来发展趋势和应用前景。', '<p><img src=\"http://localhost:9090/files/1701828813190-image.png\" style=\"max-width:100%;\" contenteditable=\"false\"/></p>', '2023-12-06', '2023-12-31', '线上', 'http://111.229.67.228:81/', '项目训练营', 12, 'http://localhost:9090/files/1701837865233-活动1.png');
INSERT INTO `activity` VALUES (11, '活动测试', '活动测试', '<p>活动测试</p>', '2024-07-26', '2025-07-25', '线上', '活动测试', '你爹', 2, NULL);

-- ----------------------------
-- Table structure for activity_sign
-- ----------------------------
DROP TABLE IF EXISTS `activity_sign`;
CREATE TABLE `activity_sign`  (
  `id` int NOT NULL AUTO_INCREMENT COMMENT 'ID',
  `activity_id` int NULL DEFAULT NULL COMMENT '活动ID',
  `user_id` int NULL DEFAULT NULL COMMENT '用户ID',
  `time` varchar(255) CHARACTER SET utf8mb4 COLLATE utf8mb4_unicode_ci NULL DEFAULT NULL COMMENT '报名时间',
  PRIMARY KEY (`id`) USING BTREE
) ENGINE = InnoDB AUTO_INCREMENT = 14 CHARACTER SET = utf8mb4 COLLATE = utf8mb4_unicode_ci COMMENT = '活动报名' ROW_FORMAT = DYNAMIC;

-- ----------------------------
-- Records of activity_sign
-- ----------------------------
INSERT INTO `activity_sign` VALUES (4, 7, 4, '2023-12-12 12:15:28');
INSERT INTO `activity_sign` VALUES (5, 9, 5, '2023-12-12 15:40:11');
INSERT INTO `activity_sign` VALUES (6, 8, 5, '2023-12-12 16:44:59');
INSERT INTO `activity_sign` VALUES (7, 7, 5, '2023-12-12 16:45:02');
INSERT INTO `activity_sign` VALUES (8, 5, 5, '2023-12-12 16:45:05');
INSERT INTO `activity_sign` VALUES (14, 11, 5, '2024-07-26 10:46:01');

-- ----------------------------
-- Table structure for admin
-- ----------------------------
DROP TABLE IF EXISTS `admin`;
CREATE TABLE `admin`  (
  `id` int NOT NULL AUTO_INCREMENT COMMENT 'ID',
  `username` varchar(255) CHARACTER SET utf8mb4 COLLATE utf8mb4_unicode_ci NULL DEFAULT NULL COMMENT '用户名',
  `salt` varchar(255) CHARACTER SET utf8mb4 COLLATE utf8mb4_unicode_ci NULL DEFAULT NULL,
  `password` varchar(255) CHARACTER SET utf8mb4 COLLATE utf8mb4_unicode_ci NULL DEFAULT NULL COMMENT '密码',
  `name` varchar(255) CHARACTER SET utf8mb4 COLLATE utf8mb4_unicode_ci NULL DEFAULT NULL COMMENT '姓名',
  `avatar` varchar(255) CHARACTER SET utf8mb4 COLLATE utf8mb4_unicode_ci NULL DEFAULT NULL COMMENT '头像',
  `role` varchar(255) CHARACTER SET utf8mb4 COLLATE utf8mb4_unicode_ci NULL DEFAULT NULL COMMENT '角色标识',
  `phone` varchar(255) CHARACTER SET utf8mb4 COLLATE utf8mb4_unicode_ci NULL DEFAULT NULL COMMENT '电话',
  `email` varchar(255) CHARACTER SET utf8mb4 COLLATE utf8mb4_unicode_ci NULL DEFAULT NULL COMMENT '邮箱',
  PRIMARY KEY (`id`) USING BTREE
) ENGINE = InnoDB AUTO_INCREMENT = 2 CHARACTER SET = utf8mb4 COLLATE = utf8mb4_unicode_ci COMMENT = '管理员' ROW_FORMAT = DYNAMIC;

-- ----------------------------
-- Records of admin
-- ----------------------------
INSERT INTO `admin` VALUES (1, 'admin', '7aYEhkH4k+JbReaOOq6BfA==', 'd5c6241b0b9cfa44dfd871b48c5d1aef25868ee9d87e3589bd518e1ee3962657', '管理员', 'http://localhost:9090/files/1697438073596-avatar.png', 'ADMIN', '13677889922', 'admin@xm.com');

-- ----------------------------
-- Table structure for blog
-- ----------------------------
DROP TABLE IF EXISTS `blog`;
CREATE TABLE `blog`  (
  `id` int NOT NULL AUTO_INCREMENT COMMENT 'ID',
  `title` varchar(255) CHARACTER SET utf8mb4 COLLATE utf8mb4_unicode_ci NULL DEFAULT NULL COMMENT '标题',
  `content` longtext CHARACTER SET utf8mb4 COLLATE utf8mb4_unicode_ci NULL COMMENT '内容',
  `descr` varchar(255) CHARACTER SET utf8mb4 COLLATE utf8mb4_unicode_ci NULL DEFAULT NULL COMMENT '简介',
  `cover` varchar(255) CHARACTER SET utf8mb4 COLLATE utf8mb4_unicode_ci NULL DEFAULT NULL COMMENT '封面',
  `tags` varchar(255) CHARACTER SET utf8mb4 COLLATE utf8mb4_unicode_ci NULL DEFAULT NULL COMMENT '标签',
  `user_id` int NULL DEFAULT NULL COMMENT '发布人ID',
  `date` varchar(255) CHARACTER SET utf8mb4 COLLATE utf8mb4_unicode_ci NULL DEFAULT NULL COMMENT '发布日期',
  `read_count` int NULL DEFAULT 0 COMMENT '浏览量',
  `category_id` int NULL DEFAULT NULL COMMENT '分类ID',
  PRIMARY KEY (`id`) USING BTREE
) ENGINE = InnoDB AUTO_INCREMENT = 30 CHARACTER SET = utf8mb4 COLLATE = utf8mb4_unicode_ci COMMENT = '博客信息' ROW_FORMAT = DYNAMIC;

-- ----------------------------
-- Records of blog
-- ----------------------------
INSERT INTO `blog` VALUES (1, '聊聊我的前端面试心得', '<p>最近的面试中有一个面试官问我按钮级别的权限怎么控制，我说直接v-if啊，他说不够好，我说我们项目中按钮级别的权限控制情况不多，所以v-if就够了，他说不够通用，最后他对我的评价是做过很多东西，但是都不够深入，好吧，那今天我们就来深入深入。</p><p><br/>因为我自己没有相关实践，所以接下来就从这个有16.2k星星的后台管理系统项目Vue vben admin中看看它是如何做的。</p><p><br/></p><p>要做权限控制，肯定需要一个<code>code</code>，无论是权限码还是角色码都可以，一般后端会一次性返回，然后全局存储起来就可以了，<code>Vue vben admin</code>是在登录成功以后获取并保存到全局的<code>store</code>中：</p><pre><code class=\"JavaScript\"><span class=\"hljs-keyword\">import</span> { defineStore } <span class=\"hljs-keyword\">from</span> <span class=\"hljs-string\">\'pinia\'</span>;\n<span class=\"hljs-keyword\">export</span> <span class=\"hljs-keyword\">const</span> usePermissionStore = <span class=\"hljs-title function_\">defineStore</span>({\n<span class=\"hljs-attr\">state</span>: () =&amp;gt; ({\n<span class=\"hljs-comment\">// 权限代码列表</span>\n<span class=\"hljs-attr\">permCodeList</span>: [],\n}),\n<span class=\"hljs-attr\">getters</span>: {\n<span class=\"hljs-comment\">// 获取</span>\n<span class=\"hljs-title function_\">getPermCodeList</span>(<span class=\"hljs-params\"></span>){\n<span class=\"hljs-keyword\">return</span> <span class=\"hljs-variable language_\">this</span>.<span class=\"hljs-property\">permCodeList</span>;\n},\n},\n<span class=\"hljs-attr\">actions</span>: {\n<span class=\"hljs-comment\">// 存储</span>\n<span class=\"hljs-title function_\">setPermCodeList</span>(<span class=\"hljs-params\">codeList</span>) {\n<span class=\"hljs-variable language_\">this</span>.<span class=\"hljs-property\">permCodeList</span> = codeList;\n},\n\n<span class=\"hljs-comment\">// 请求权限码</span>\n<span class=\"hljs-keyword\">async</span> <span class=\"hljs-title function_\">changePermissionCode</span>(<span class=\"hljs-params\"></span>) {\n<span class=\"hljs-keyword\">const</span> codeList = <span class=\"hljs-keyword\">await</span> <span class=\"hljs-title function_\">getPermCode</span>();\n<span class=\"hljs-variable language_\">this</span>.<span class=\"hljs-title function_\">setPermCodeList</span>(codeList);\n}\n}\n})</code></pre><p>1111</p>', '最近的面试中有一个面试官问我按钮级别的权限怎么控制，最近的面试中有一个面试官问我按钮级别的权限怎么控制，最近的面试中有一个面试官问我按钮级别的权限怎么控制，', 'http://localhost:9090/files/1701833847024-微信截图_20231117155458.png', '[\"前端\"]', 4, '2023-11-17', 110, 2);
INSERT INTO `blog` VALUES (3, '你的代码不堪一击！太烂了！青哥哥正在直播', '<p>小王，你的页面白屏了，赶快修复一下。小王排查后发现是服务端传回来的数据格式不对导致，无数据时传回来不是 [] 而是 null, 从而导致 forEach 方法报错导致白屏，于是告诉测试，这是服务端的错误导致，要让服务端来修改，结果测试来了一句：“服务端返回数据格式错误也不能白屏！！” “好吧，千错万错都是前端的错。” 小王抱怨着把白屏修复了。</p><p><br/>刚过不久，老李喊道：“小王，你的组件又渲染不出来了。” 小王不耐烦地过来去看了一下，“你这个属性data 格式不对，要数组，你传个对象干嘛呢。”老李反驳： “ 就算 data 格式传错，也不应该整个组件渲染不出来，至少展示暂无数据吧！” “行，你说什么就是什么吧。” 小王又抱怨着把问题修复了。</p><p><br/></p><p>青哥哥正在直播</p><p><br/>类似场景，小王时不时都要经历一次，久而久之，大家都觉得小王的技术太菜了。小王听到后，倍感委屈：“这都是别人的错误，反倒成为我的错了！”</p><p><br/>等到小王离职后，我去看了一下他的代码，的确够烂的，不堪一击！太烂了！下面来吐槽一下。<br/><br/></p>', '小王，你的页面白屏了，赶快修复一下。\n青哥哥正在直播', 'http://localhost:9090/files/1701833847024-微信截图_20231117155458.png', '[\"后端\",\"Java\",\"面试\"]', 5, '2023-11-17', 210, 1);
INSERT INTO `blog` VALUES (4, '程序员更需要钝感力', '<p>讲一个大多数同学都会遇到的事，之前在一家单位随着部门发展，空降了个老大哥（前端领导）。怎么说呢那个时候自己陷入了一个极其痛苦的时期，他呢每天都很闲不干活，活呢都交给我跟另外一个哥们干，而且功劳还是他的。我很不爽，当我跟我对象说这个事的时候，她说谁让人家是领导呢！！现在再总结的时候发现好像都释怀了，那个时候每天晚上失眠睡不着。<br/><br/>那个时候痛苦的点是：<br/><br/>1. 身为领导不作为。<br/>2. 身为领导技术能力不行。<br/>3. 把我的产出都当作自己的汇报给领导。<br/><br/>其实那个时候或多或少会跟他对着干，我对象也跟我聊过这个事说不要跟领导对着干，人家是领导不干活就不干活了。好像确实没落到什么好处，最后还是人家啥活不干，痛苦的还是自己。还是要学会向上管理。 <br/>都是打工的，工期是按照人日排的，就是换个领导，怎么着你都要干活的啊！谁让你不是领导呢。</p><p>&nbsp; <br/>到现在听到有吐槽领导会不干活、技术能力不行、功劳是自己的，锅都是我的一些吐槽。我都会笑笑不说什么，其实反过来想领导的位置不允许犯错，一般当领导的年龄都很大了（可能不是那么容易找到那么符合预期的工作了），假如再犯一些低级的错误，会被领导的领导不信任等。你如果能跟领导相处很好，就是犯错了锅是你的，最后你得绩效还是好的。</p><p><br/>领导积极管理组织分享、一块搞些新奇的东西也好，不作为也好，干好自己的工作积极响应，自己擅长的领域就好好发挥，管他结果是啥呢，大家都聪明人，都看得明白的。有时间了就学点新东西，都是打工的，没必要搞得都心里不舒服，凡事多多人情世故下 哈哈 真不爽了离开就是了。<br/><br/></p>', '程序员每个人都是聪明的，都是反应灵敏的。 一个同事说过这么一句话：\"都当的了程序员，大家都是聪明人，不过有些事不好意思点破罢了，他要是真的太过分，就真的撕破脸！\"。', 'http://localhost:9090/files/1701833847024-微信截图_20231117155458.png', '[\"后端\",\"Java\"]', 9, '2023-11-17', 3, 5);
INSERT INTO `blog` VALUES (5, '从零开始写一个Vue3+Element Plus的后台管理系统', '<div id=\"article-root\" itemprop=\"articleBody\" class=\"article-viewer markdown-body cache result\" data-v-536a572c=\"\"><style>.markdown-body{word-break:break-word;line-height:1.75;font-weight:400;font-size:16px;overflow-x:hidden;color:#252933}.markdown-body h1,.markdown-body h2,.markdown-body h3,.markdown-body h4,.markdown-body h5,.markdown-body h6{line-height:1.5;margin-top:35px;margin-bottom:10px;padding-bottom:5px}.markdown-body h1{font-size:24px;line-height:38px;margin-bottom:5px}.markdown-body h2{font-size:22px;line-height:34px;padding-bottom:12px;border-bottom:1px solid #ececec}.markdown-body h3{font-size:20px;line-height:28px}.markdown-body h4{font-size:18px;line-height:26px}.markdown-body h5{font-size:17px;line-height:24px}.markdown-body h6{font-size:16px;line-height:24px}.markdown-body p{line-height:inherit;margin-top:22px;margin-bottom:22px}.markdown-body img{max-width:100%}.markdown-body hr{border:none;border-top:1px solid #ddd;margin-top:32px;margin-bottom:32px}.markdown-body code{word-break:break-word;border-radius:2px;overflow-x:auto;background-color:#fff5f5;color:#ff502c;font-size:.87em;padding:.065em .4em}.markdown-body code,.markdown-body pre{font-family:Menlo,Monaco,Consolas,Courier New,monospace}.markdown-body pre{overflow:auto;position:relative;line-height:1.75}.markdown-body pre>code{font-size:12px;padding:15px 12px;margin:0;word-break:normal;display:block;overflow-x:auto;color:#333;background:#f8f8f8}.markdown-body a{text-decoration:none;color:#0269c8;border-bottom:1px solid #d1e9ff}.markdown-body a:active,.markdown-body a:hover{color:#275b8c}.markdown-body table{display:inline-block!important;font-size:12px;width:auto;max-width:100%;overflow:auto;border:1px solid #f6f6f6}.markdown-body thead{background:#f6f6f6;color:#000;text-align:left}.markdown-body tr:nth-child(2n){background-color:#fcfcfc}.markdown-body td,.markdown-body th{padding:12px 7px;line-height:24px}.markdown-body td{min-width:120px}.markdown-body blockquote{color:#666;padding:1px 23px;margin:22px 0;border-left:4px solid #cbcbcb;background-color:#f8f8f8}.markdown-body blockquote:after{display:block;content:\"\"}.markdown-body blockquote>p{margin:10px 0}.markdown-body ol,.markdown-body ul{padding-left:28px}.markdown-body ol li,.markdown-body ul li{margin-bottom:0;list-style:inherit}.markdown-body ol li .task-list-item,.markdown-body ul li .task-list-item{list-style:none}.markdown-body ol li .task-list-item ol,.markdown-body ol li .task-list-item ul,.markdown-body ul li .task-list-item ol,.markdown-body ul li .task-list-item ul{margin-top:0}.markdown-body ol ol,.markdown-body ol ul,.markdown-body ul ol,.markdown-body ul ul{margin-top:3px}.markdown-body ol li{padding-left:6px}.markdown-body .contains-task-list{padding-left:0}.markdown-body .task-list-item{list-style:none}@media (max-width:720px){.markdown-body h1{font-size:24px}.markdown-body h2{font-size:20px}.markdown-body h3{font-size:18px}}</style><style data-highlight=\"\" data-highlight-key=\"juejin\">.markdown-body pre,.markdown-body pre>code.hljs{color:#333;background:#f8f8f8}.hljs-comment,.hljs-quote{color:#998;font-style:italic}.hljs-keyword,.hljs-selector-tag,.hljs-subst{color:#333;font-weight:700}.hljs-literal,.hljs-number,.hljs-tag .hljs-attr,.hljs-template-variable,.hljs-variable{color:teal}.hljs-doctag,.hljs-string{color:#d14}.hljs-section,.hljs-selector-id,.hljs-title{color:#900;font-weight:700}.hljs-subst{font-weight:400}.hljs-class .hljs-title,.hljs-type{color:#458;font-weight:700}.hljs-attribute,.hljs-name,.hljs-tag{color:navy;font-weight:400}.hljs-link,.hljs-regexp{color:#009926}.hljs-bullet,.hljs-symbol{color:#990073}.hljs-built_in,.hljs-builtin-name{color:#0086b3}.hljs-meta{color:#999;font-weight:700}.hljs-deletion{background:#fdd}.hljs-addition{background:#dfd}.hljs-emphasis{font-style:italic}.hljs-strong{font-weight:700}</style><h2 data-id=\"heading-0\">写在开始之前</h2>\n<p>接触Vue3也有一年的时间了，除了刚开始用Vue3做了一个小小的项目，其后一直没有机会在项目中真正使用Vue3，反而一直维护Vue2的老项目。作为一个有追求（wuliao）的前端，那就自己开一个git仓库练手吧，想试验什么就随便试，既没有deadline的压力，也不用去考虑产品需求，UI还原度。</p>\n<p>萌芽期的git仓库地址 <a href=\"https://link.juejin.cn?target=https%3A%2F%2Fgithub.com%2Flucidity99%2Fmocha-vue3-system\" target=\"_blank\" title=\"https://github.com/lucidity99/mocha-vue3-system\" ref=\"nofollow noopener noreferrer\">github.com/lucidity99/…</a></p>\n<h2 data-id=\"heading-1\">主要使用的工具（排名不分先后）：</h2>\n<ul class=\"contains-task-list\">\n<li class=\"task-list-item\"><input type=\"checkbox\" disabled=\"\"/> Vue3</li>\n<li class=\"task-list-item\"><input type=\"checkbox\" disabled=\"\"/> Vite</li>\n<li class=\"task-list-item\"><input type=\"checkbox\" disabled=\"\"/> TypeScript</li>\n<li class=\"task-list-item\"><input type=\"checkbox\" disabled=\"\"/> Element Plus</li>\n<li class=\"task-list-item\"><input type=\"checkbox\" disabled=\"\"/> Pinia</li>\n<li class=\"task-list-item\"><input type=\"checkbox\" disabled=\"\"/> SCSS</li>\n<li class=\"task-list-item\"><input type=\"checkbox\" disabled=\"\"/> Tailwind CSS</li>\n<li class=\"task-list-item\"><input type=\"checkbox\" disabled=\"\"/> VueRouter</li>\n<li class=\"task-list-item\"><input type=\"checkbox\" disabled=\"\"/> eCharts</li>\n<li class=\"task-list-item\"><input type=\"checkbox\" disabled=\"\"/> Eslint、Prettier</li>\n</ul>\n<p>模拟接口数据本来打算用Mockjs，后来决定使用Apipost（最终改成了apiFox），感觉更贴近实际开发，接口管理也方便。</p>\n<p>个人目前的难点是Typescript，还不能真正的把ts用好，代码动不动就爆红，所以练手的目的之一就是精进ts。</p>\n<p>计划要做的内容比较多，除了基础的系统设置、功能模块，还有一些一直想尝试但是未曾在Vue项目中完整实现的功能。</p>\n<ul class=\"contains-task-list\">\n<li class=\"task-list-item\"><input type=\"checkbox\" disabled=\"\"/> 切片上传文件</li>\n<li class=\"task-list-item\"><input type=\"checkbox\" disabled=\"\"/> 复杂的表格设置</li>\n<li class=\"task-list-item\"><input type=\"checkbox\" disabled=\"\"/> 换肤功能（目前已实现暗黑模式，但是更复杂的换肤还没有开始做）</li>\n<li class=\"task-list-item\"><input type=\"checkbox\" checked=\"\" disabled=\"\"/> 多页签组件 <a href=\"https://juejin.cn/post/7229907502900461625\" target=\"_blank\" title=\"https://juejin.cn/post/7229907502900461625\">juejin.cn/post/722990…</a></li>\n<li class=\"task-list-item\"><input type=\"checkbox\" checked=\"\" disabled=\"\"/> 各种主流富文本插件引入 <a href=\"https://juejin.cn/post/7234418257759879223\" target=\"_blank\" title=\"https://juejin.cn/post/7234418257759879223\">juejin.cn/post/723441…</a></li>\n<li class=\"task-list-item\"><input type=\"checkbox\" disabled=\"\"/> 尝试Vue3新加入的功能</li>\n<li class=\"task-list-item\"><input type=\"checkbox\" disabled=\"\"/> 尝试Vue3 hook，vueuse</li>\n<li class=\"task-list-item\"><input type=\"checkbox\" disabled=\"\"/> 路由的配置</li>\n<li class=\"task-list-item\"><input type=\"checkbox\" checked=\"\" disabled=\"\"/> 更多配置的axios拦截器 <a href=\"https://juejin.cn/post/7234078736421240869\" target=\"_blank\" title=\"https://juejin.cn/post/7234078736421240869\">juejin.cn/post/723407…</a></li>\n<li class=\"task-list-item\"><input type=\"checkbox\" disabled=\"\"/> ...</li>\n</ul>\n<p>Tailwind CSS是我很感兴趣的原子类CSS库，在以往的使用中，感觉能够实实在在的提升开发体验，后期还打算尝试现在流行的unocss</p></div>', '最近接到了百度的面试，个人觉得基础知识准备的比较充分，就去网上找了一些百度的面经...', 'http://localhost:9090/files/1701833847024-微信截图_20231117155458.png', '[\"后端\",\"Java\",\"面试\"]', 10, '2023-11-17', 5, 1);
INSERT INTO `blog` VALUES (7, '一次令人窒息的百度面试', '<h1>看简历</h1><p>上来首先是万年不变的自我介绍，介绍完之后面试官就开始逐行看我的简历，并针对简历上的项目经历进行询问。询问的十分详细。</p><h1>如何实现新手指引</h1><p>问这个问题的原因是我简历上写到了使用driver.js库实现了新手指引。</p><p><br/></p><p>实现思路是：<br/><br/>点击“开始指引”：找到id为mask的元素，为该元素添加蒙层样式（setMask）<br/>添加提示信息：找到id为tip的元素，将提示信息添加为该元素的子元素(setTip)<br/>高亮当前步骤元素：找到当前目标元素，克隆目标元素，然后将克隆后的目标元素添加为curStepMask的子元素(setTip)<br/>定位tip和curStepMask的元素：curStepMask元素在当前目标元素的正上方，tip元素根据情况而定<br/>每次添加当前提示信息时要移除上一次添加的提示信息和覆盖元素（removeTip，removeStepMask）<br/><br/></p>', '最近接到了百度的面试，个人觉得基础知识准备的比较充分，就去网上找了一些百度的面经', 'http://localhost:9090/files/1701833847024-微信截图_20231117155458.png', '[\"后端\",\"Java\",\"面试\"]', 4, '2023-11-17', 129, 10);
INSERT INTO `blog` VALUES (8, '2W字全面剖析Mybatis中的9种设计模式', '<div id=\"article-root\" itemprop=\"articleBody\" class=\"article-viewer markdown-body cache result\" data-v-536a572c=\"\"><style>.markdown-body{color:#595959;font-size:15px;font-family:-apple-system,system-ui,BlinkMacSystemFont,Helvetica Neue,PingFang SC,Hiragino Sans GB,Microsoft YaHei,Arial,sans-serif;background-image:linear-gradient(90deg,rgba(60,10,30,.04) 3%,transparent 0),linear-gradient(1turn,rgba(60,10,30,.04) 3%,transparent 0);background-size:20px 20px;background-position:50%}.markdown-body p{color:#595959;font-size:15px;line-height:2;font-weight:400}.markdown-body p+p{margin-top:16px}.markdown-body h1,.markdown-body h2,.markdown-body h3,.markdown-body h4,.markdown-body h5,.markdown-body h6{padding:30px 0;margin:0;color:#135ce0}.markdown-body h1{position:relative;text-align:center;font-size:22px;margin:50px 0}.markdown-body h1:before{position:absolute;content:\"\";top:-10px;left:50%;width:32px;height:32px;transform:translateX(-50%);background-size:100% 100%;opacity:.36;background-repeat:no-repeat;background:url(data:image/png;base64,iVBORw0KGgoAAAANSUhEUgAAACAAAAAgCAMAAABEpIrGAAAABGdBTUEAALGPC/xhBQAAACBjSFJNAAB6JgAAgIQAAPoAAACA6AAAdTAAAOpgAAA6mAAAF3CculE8AAABfVBMVEX///8Ad/8AgP8AgP8AgP8Aff8AgP8Af/8AgP8AVf8Af/8Af/8AgP8AgP8Af/8Afv8AAP8Afv8Afv8Aef8AgP8AdP8Afv8AgP8AgP8Acf8Ae/8AgP8Af/8AgP8Af/8Af/8AfP8Afv8AgP8Af/8Af/8Afv8Afv8AgP8Afv8AgP8Af/8Af/8AgP8AgP8Afv8AgP8Af/8AgP8AgP8AgP8Ae/8Afv8Af/8AgP8Af/8AgP8Af/8Af/8Aff8Af/8Abf8AgP8Af/8AgP8Af/8Af/8Afv8AgP8AgP8Afv8Afv8AgP8Af/8Aff8AgP8Afv8AgP8Aff8AgP8AfP8AgP8Ae/8AgP8Af/8AgP8AgP8AgP8Afv8AgP8AgP8AgP8Afv8AgP8AgP8AgP8AgP8AgP8Af/8AgP8Af/8Af/8Aev8Af/8AgP8Aff8Afv8AgP8AgP8AgP8Af/8AgP8Af/8Af/8AgP8Afv8AgP8AgP8AgP8AgP8Af/8AeP8Af/8Af/8Af//////rzEHnAAAAfXRSTlMAD7CCAivatxIDx5EMrP19AXdLEwgLR+6iCR/M0yLRzyFF7JupSXn8cw6v60Q0QeqzKtgeG237HMne850/6Qeq7QaZ+WdydHtj+OM3qENCMRYl1B3K2U7wnlWE/mhlirjkODa9FN/BF7/iNV/2kASNZpX1Wlf03C4stRGxgUPclqoAAAABYktHRACIBR1IAAAACXBIWXMAAAsTAAALEwEAmpwYAAAAB3RJTUUH4gEaBzgZ4yeM3AAAAT9JREFUOMvNUldbwkAQvCAqsSBoABE7asSOBRUVVBQNNuy9996789+9cMFAMHnVebmdm+/bmdtbQv4dOFOW2UjPzgFyLfo6nweKfIMOBYWwFtmMPGz2Yj2pJI0JDq3udJW6VVbmKa9I192VQFV1ktXUAl5NB0cd4KpnORqsEO2ZIRpF9gJfE9Dckqq0KuZt7UAH5+8EPF3spjsRpCeQNO/tA/qDwIDA+OCQbBoKA8NOdjMySgcZGVM6jwcgRuUiSs0nlPFNSrEpJfU0jTLD6llqbvKxei7OzvkFNQohi0vAsj81+MoqsCaoPOQFgus/1LyxichW+hS2JWCHZ7VlF9jb187pIAYcHiViHAMnp5mTjJ8B5xeEXF4B1ze/fTh/C0h398DDI9HB07O8ci+vRBdvdGnfP4gBuM8vw7X/G3wDmFhFZEdxzjMAAAAldEVYdGRhdGU6Y3JlYXRlADIwMTgtMDEtMjZUMDc6NTY6MjUrMDE6MDA67pVWAAAAJXRFWHRkYXRlOm1vZGlmeQAyMDE4LTAxLTI2VDA3OjU2OjI1KzAxOjAwS7Mt6gAAABl0RVh0U29mdHdhcmUAd3d3Lmlua3NjYXBlLm9yZ5vuPBoAAAAWdEVYdFRpdGxlAGp1ZWppbl9sb2dvIGNvcHlxapmKAAAAV3pUWHRSYXcgcHJvZmlsZSB0eXBlIGlwdGMAAHic4/IMCHFWKCjKT8vMSeVSAAMjCy5jCxMjE0uTFAMTIESANMNkAyOzVCDL2NTIxMzEHMQHy4BIoEouAOoXEXTyQjWVAAAAAElFTkSuQmCC)}.markdown-body h2{position:relative;font-size:20px;border-left:4px solid;padding:0 0 0 10px;margin:30px 0}.markdown-body h3{font-size:16px}.markdown-body ul{list-style:disc outside;margin-left:2em;margin-top:1em}.markdown-body li{line-height:2;color:#595959}.markdown-body img.loaded{margin:0 auto;display:block}.markdown-body blockquote{background:#fff9f9;margin:2em 0;padding:2px 20px;border-left:4px solid #b2aec5}.markdown-body blockquote p{color:#666;line-height:2}.markdown-body a{color:#036aca;border-bottom:1px solid rgba(3,106,202,.8);font-weight:400;text-decoration:none}.markdown-body em strong,.markdown-body strong{color:#036aca}.markdown-body hr{border-top:1px solid #135ce0}.markdown-body pre{overflow:auto}.markdown-body code,.markdown-body pre{overflow:auto;position:relative;line-height:1.75;font-family:Menlo,Monaco,Consolas,Courier New,monospace}.markdown-body pre>code{font-size:12px;padding:15px 12px;margin:0;word-break:normal;display:block;overflow-x:auto;color:#333;background:#f8f8f8}.markdown-body code{word-break:break-word;border-radius:2px;overflow-x:auto;background-color:#fff5f5;color:#ff502c;font-size:.87em;padding:.065em .4em}.markdown-body table{border-collapse:collapse;margin:1rem 0;overflow-x:auto}.markdown-body table td,.markdown-body table th{border:1px solid #dfe2e5;padding:.6em 1em}.markdown-body table tr{border-top:1px solid #dfe2e5}.markdown-body table tr:nth-child(2n){background-color:#f6f8fa}</style><style data-highlight=\"\">.markdown-body pre,.markdown-body pre>code.hljs{color:#333;background:#f8f8f8}.hljs-comment,.hljs-quote{color:#998;font-style:italic}.hljs-keyword,.hljs-selector-tag,.hljs-subst{color:#333;font-weight:700}.hljs-literal,.hljs-number,.hljs-tag .hljs-attr,.hljs-template-variable,.hljs-variable{color:teal}.hljs-doctag,.hljs-string{color:#d14}.hljs-section,.hljs-selector-id,.hljs-title{color:#900;font-weight:700}.hljs-subst{font-weight:400}.hljs-class .hljs-title,.hljs-type{color:#458;font-weight:700}.hljs-attribute,.hljs-name,.hljs-tag{color:navy;font-weight:400}.hljs-link,.hljs-regexp{color:#009926}.hljs-bullet,.hljs-symbol{color:#990073}.hljs-built_in,.hljs-builtin-name{color:#0086b3}.hljs-meta{color:#999;font-weight:700}.hljs-deletion{background:#fdd}.hljs-addition{background:#dfd}.hljs-emphasis{font-style:italic}.hljs-strong{font-weight:700}</style><p>在学习设计模式的过程中，我们大多数还是只停留在概念层面，很少有机会能在实际开发中用到，任何一个知识点，如果我们不能达到至少从2个方面去窥探它的话，很难真正去理解它。</p>\n<p>而阅读优秀框架的源码是我们窥探设计模式很好的途径，在Mybatis中用到了大概有9种设计模式：</p>\n<ol>\n<li>Builder模式</li>\n<li>工厂模式</li>\n<li>单例模式</li>\n<li>代理模式</li>\n<li>组合模式</li>\n<li>模板方法模式</li>\n<li>适配器模式</li>\n<li>装饰着模式</li>\n<li>迭代器模式</li></ol>\n<p>对于23种设计模式我们并不需要刻意的记忆，而且很多设计模式的实现原理很像，只不过是名字不一样，并且如果去阅读一些框架的源码的话，可以发现其实框架对很多设计模式的实 现，都并非标准的代码实现，都做了比较多的自我改进。\n实际上，这就是所谓的灵活应用, 只借鉴不照搬, 根据具体问题针对性地去解决。</p>\n<p>软件设计模式犹如剑法一样，当哪天我们真正做到：<strong>手中无剑，心中有剑，人剑合一的境界</strong>，我们才真正理解软件设计。</p></div>', '在学习设计模式的过程中，我们大多数还是只停留在概念层面，很少有机会能在实际开发中用到，任何一个知识点，如果我们不能达到至少从2个方面去窥探它的话，很难真正去理解它。', 'http://localhost:9090/files/1701833847024-微信截图_20231117155458.png', '[\"后端\",\"Java\",\"面试\"]', 4, '2023-11-17', 9, 10);
INSERT INTO `blog` VALUES (9, '适合小公司的自动化部署脚本', '<p>背景（偷懒）<br/>在小小的公司里面，挖呀挖呀挖。快挖不动了，一件事重复个5次，还在人肉手工，身体和心理就开始不舒服了，并且违背了个人的座右铭：“偷懒”是人类进步的第一推动力。<br/>每次想要去测试环境验证个新功能，又或者被测试无情的催促着部署新版本后；都需要本地打那个200多M的jar包；以龟速般的每秒几十KB网络，通过ftp上传到服务器；用烂熟透的jps命令查找到进程，kill后，重启服务。<br/>是的，我想偷懒，想从已陷入到手工部署的沼泽地里走出来。如何救赎？<br/>自我救赎之路<br/>我的诉求很简单，想要一款“一键CI/CD的工具”，然后可以继续偷懒。为了省事，我做了以下工作<br/>找了一款停止服务的脚本，并做了小小的优化<br/>首推 陈皮大哥的停服脚本（我在里面加了个sleep 5）；脚本见下文。只需要修改 APP_MAINCLASS的变量“XXX-1.0.0.jar”替换为自己jar的名字即可，其它不用动。<br/>该脚本主要是通过jps + jar的名字获得进程号，进行kill。( 脚本很简单，注释也很详细，就不展开了，感兴趣可以阅读下，不到5分钟，写过代码的你能看懂的)<br/><br/>作者：程序员猪佩琪<br/>链接：<a href=\"https://juejin.cn/post/7257440759569055802\" target=\"_blank\">https://juejin.cn/post/7257440759569055802</a><br/>来源：稀土掘金<br/>著作权归作者所有。商业转载请联系作者获得授权，非商业转载请注明出处。<br/></p>', '在小小的公司里面，挖呀挖呀挖。快挖不动了，一件事重复个5次，还在人肉手工，身体和心理就开始不舒服了，并且违背了个人的座右铭：“偷懒”是人类进步的第一推动力。', 'http://localhost:9090/files/1701833847024-微信截图_20231117155458.png', '[\"后端\"]', 4, '2023-11-22', 36, 8);
INSERT INTO `blog` VALUES (10, '哈哈哈哈哈哈哈我的测试的', '<h1>看简历</h1><p>上来首先是万年不变的自我介绍，介绍完之后面试官就开始逐行看我的简历，并针对简历上的项目经历进行询问。询问的十分详细。</p><h1>如何实现新手指引</h1><p>问这个问题的原因是我简历上写到了使用driver.js库实现了新手指引。</p><p><br/></p><p>实现思路是：<br/><br/>点击“开始指引”：找到id为mask的元素，为该元素添加蒙层样式（setMask）<br/>添加提示信息：找到id为tip的元素，将提示信息添加为该元素的子元素(setTip)<br/>高亮当前步骤元素：找到当前目标元素，克隆目标元素，然后将克隆后的目标元素添加为curStepMask的子元素(setTip)<br/>定位tip和curStepMask的元素：curStepMask元素在当前目标元素的正上方，tip元素根据情况而定<br/>每次添加当前提示信息时要移除上一次添加的提示信息和覆盖元素（removeTip，removeStepMask）<br/><br/></p>', '最近接到了百度的面试，个人觉得基础知识准备的比较充分，就去网上找了一些百度的面经', 'http://localhost:9090/files/1701833847024-微信截图_20231117155458.png', '[\"后端\",\"Java\",\"面试\"]', 4, '2023-11-17', 1, 5);
INSERT INTO `blog` VALUES (11, '噢哈哈哈哈哈测试还不错', '<div id=\"article-root\" itemprop=\"articleBody\" class=\"article-viewer markdown-body cache result\" data-v-536a572c=\"\"><style>.markdown-body{color:#595959;font-size:15px;font-family:-apple-system,system-ui,BlinkMacSystemFont,Helvetica Neue,PingFang SC,Hiragino Sans GB,Microsoft YaHei,Arial,sans-serif;background-image:linear-gradient(90deg,rgba(60,10,30,.04) 3%,transparent 0),linear-gradient(1turn,rgba(60,10,30,.04) 3%,transparent 0);background-size:20px 20px;background-position:50%}.markdown-body p{color:#595959;font-size:15px;line-height:2;font-weight:400}.markdown-body p+p{margin-top:16px}.markdown-body h1,.markdown-body h2,.markdown-body h3,.markdown-body h4,.markdown-body h5,.markdown-body h6{padding:30px 0;margin:0;color:#135ce0}.markdown-body h1{position:relative;text-align:center;font-size:22px;margin:50px 0}.markdown-body h1:before{position:absolute;content:\"\";top:-10px;left:50%;width:32px;height:32px;transform:translateX(-50%);background-size:100% 100%;opacity:.36;background-repeat:no-repeat;background:url(data:image/png;base64,iVBORw0KGgoAAAANSUhEUgAAACAAAAAgCAMAAABEpIrGAAAABGdBTUEAALGPC/xhBQAAACBjSFJNAAB6JgAAgIQAAPoAAACA6AAAdTAAAOpgAAA6mAAAF3CculE8AAABfVBMVEX///8Ad/8AgP8AgP8AgP8Aff8AgP8Af/8AgP8AVf8Af/8Af/8AgP8AgP8Af/8Afv8AAP8Afv8Afv8Aef8AgP8AdP8Afv8AgP8AgP8Acf8Ae/8AgP8Af/8AgP8Af/8Af/8AfP8Afv8AgP8Af/8Af/8Afv8Afv8AgP8Afv8AgP8Af/8Af/8AgP8AgP8Afv8AgP8Af/8AgP8AgP8AgP8Ae/8Afv8Af/8AgP8Af/8AgP8Af/8Af/8Aff8Af/8Abf8AgP8Af/8AgP8Af/8Af/8Afv8AgP8AgP8Afv8Afv8AgP8Af/8Aff8AgP8Afv8AgP8Aff8AgP8AfP8AgP8Ae/8AgP8Af/8AgP8AgP8AgP8Afv8AgP8AgP8AgP8Afv8AgP8AgP8AgP8AgP8AgP8Af/8AgP8Af/8Af/8Aev8Af/8AgP8Aff8Afv8AgP8AgP8AgP8Af/8AgP8Af/8Af/8AgP8Afv8AgP8AgP8AgP8AgP8Af/8AeP8Af/8Af/8Af//////rzEHnAAAAfXRSTlMAD7CCAivatxIDx5EMrP19AXdLEwgLR+6iCR/M0yLRzyFF7JupSXn8cw6v60Q0QeqzKtgeG237HMne850/6Qeq7QaZ+WdydHtj+OM3qENCMRYl1B3K2U7wnlWE/mhlirjkODa9FN/BF7/iNV/2kASNZpX1Wlf03C4stRGxgUPclqoAAAABYktHRACIBR1IAAAACXBIWXMAAAsTAAALEwEAmpwYAAAAB3RJTUUH4gEaBzgZ4yeM3AAAAT9JREFUOMvNUldbwkAQvCAqsSBoABE7asSOBRUVVBQNNuy9996789+9cMFAMHnVebmdm+/bmdtbQv4dOFOW2UjPzgFyLfo6nweKfIMOBYWwFtmMPGz2Yj2pJI0JDq3udJW6VVbmKa9I192VQFV1ktXUAl5NB0cd4KpnORqsEO2ZIRpF9gJfE9Dckqq0KuZt7UAH5+8EPF3spjsRpCeQNO/tA/qDwIDA+OCQbBoKA8NOdjMySgcZGVM6jwcgRuUiSs0nlPFNSrEpJfU0jTLD6llqbvKxei7OzvkFNQohi0vAsj81+MoqsCaoPOQFgus/1LyxichW+hS2JWCHZ7VlF9jb187pIAYcHiViHAMnp5mTjJ8B5xeEXF4B1ze/fTh/C0h398DDI9HB07O8ci+vRBdvdGnfP4gBuM8vw7X/G3wDmFhFZEdxzjMAAAAldEVYdGRhdGU6Y3JlYXRlADIwMTgtMDEtMjZUMDc6NTY6MjUrMDE6MDA67pVWAAAAJXRFWHRkYXRlOm1vZGlmeQAyMDE4LTAxLTI2VDA3OjU2OjI1KzAxOjAwS7Mt6gAAABl0RVh0U29mdHdhcmUAd3d3Lmlua3NjYXBlLm9yZ5vuPBoAAAAWdEVYdFRpdGxlAGp1ZWppbl9sb2dvIGNvcHlxapmKAAAAV3pUWHRSYXcgcHJvZmlsZSB0eXBlIGlwdGMAAHic4/IMCHFWKCjKT8vMSeVSAAMjCy5jCxMjE0uTFAMTIESANMNkAyOzVCDL2NTIxMzEHMQHy4BIoEouAOoXEXTyQjWVAAAAAElFTkSuQmCC)}.markdown-body h2{position:relative;font-size:20px;border-left:4px solid;padding:0 0 0 10px;margin:30px 0}.markdown-body h3{font-size:16px}.markdown-body ul{list-style:disc outside;margin-left:2em;margin-top:1em}.markdown-body li{line-height:2;color:#595959}.markdown-body img.loaded{margin:0 auto;display:block}.markdown-body blockquote{background:#fff9f9;margin:2em 0;padding:2px 20px;border-left:4px solid #b2aec5}.markdown-body blockquote p{color:#666;line-height:2}.markdown-body a{color:#036aca;border-bottom:1px solid rgba(3,106,202,.8);font-weight:400;text-decoration:none}.markdown-body em strong,.markdown-body strong{color:#036aca}.markdown-body hr{border-top:1px solid #135ce0}.markdown-body pre{overflow:auto}.markdown-body code,.markdown-body pre{overflow:auto;position:relative;line-height:1.75;font-family:Menlo,Monaco,Consolas,Courier New,monospace}.markdown-body pre>code{font-size:12px;padding:15px 12px;margin:0;word-break:normal;display:block;overflow-x:auto;color:#333;background:#f8f8f8}.markdown-body code{word-break:break-word;border-radius:2px;overflow-x:auto;background-color:#fff5f5;color:#ff502c;font-size:.87em;padding:.065em .4em}.markdown-body table{border-collapse:collapse;margin:1rem 0;overflow-x:auto}.markdown-body table td,.markdown-body table th{border:1px solid #dfe2e5;padding:.6em 1em}.markdown-body table tr{border-top:1px solid #dfe2e5}.markdown-body table tr:nth-child(2n){background-color:#f6f8fa}</style><style data-highlight=\"\">.markdown-body pre,.markdown-body pre>code.hljs{color:#333;background:#f8f8f8}.hljs-comment,.hljs-quote{color:#998;font-style:italic}.hljs-keyword,.hljs-selector-tag,.hljs-subst{color:#333;font-weight:700}.hljs-literal,.hljs-number,.hljs-tag .hljs-attr,.hljs-template-variable,.hljs-variable{color:teal}.hljs-doctag,.hljs-string{color:#d14}.hljs-section,.hljs-selector-id,.hljs-title{color:#900;font-weight:700}.hljs-subst{font-weight:400}.hljs-class .hljs-title,.hljs-type{color:#458;font-weight:700}.hljs-attribute,.hljs-name,.hljs-tag{color:navy;font-weight:400}.hljs-link,.hljs-regexp{color:#009926}.hljs-bullet,.hljs-symbol{color:#990073}.hljs-built_in,.hljs-builtin-name{color:#0086b3}.hljs-meta{color:#999;font-weight:700}.hljs-deletion{background:#fdd}.hljs-addition{background:#dfd}.hljs-emphasis{font-style:italic}.hljs-strong{font-weight:700}</style><p>在学习设计模式的过程中，我们大多数还是只停留在概念层面，很少有机会能在实际开发中用到，任何一个知识点，如果我们不能达到至少从2个方面去窥探它的话，很难真正去理解它。</p>\n<p>而阅读优秀框架的源码是我们窥探设计模式很好的途径，在Mybatis中用到了大概有9种设计模式：</p>\n<ol>\n<li>Builder模式</li>\n<li>工厂模式</li>\n<li>单例模式</li>\n<li>代理模式</li>\n<li>组合模式</li>\n<li>模板方法模式</li>\n<li>适配器模式</li>\n<li>装饰着模式</li>\n<li>迭代器模式</li></ol>\n<p>对于23种设计模式我们并不需要刻意的记忆，而且很多设计模式的实现原理很像，只不过是名字不一样，并且如果去阅读一些框架的源码的话，可以发现其实框架对很多设计模式的实 现，都并非标准的代码实现，都做了比较多的自我改进。\n实际上，这就是所谓的灵活应用, 只借鉴不照搬, 根据具体问题针对性地去解决。</p>\n<p>软件设计模式犹如剑法一样，当哪天我们真正做到：<strong>手中无剑，心中有剑，人剑合一的境界</strong>，我们才真正理解软件设计。</p></div>', '在学习设计模式的过程中，我们大多数还是只停留在概念层面，很少有机会能在实际开发中用到，任何一个知识点，如果我们不能达到至少从2个方面去窥探它的话，很难真正去理解它。', 'http://localhost:9090/files/1701833847024-微信截图_20231117155458.png', '[\"后端\",\"Java\",\"面试\"]', 4, '2023-11-17', 2, 1);
INSERT INTO `blog` VALUES (12, '小青哥哥哥专属博客', '<p>背景（偷懒）<br/>在小小的公司里面，挖呀挖呀挖。快挖不动了，一件事重复个5次，还在人肉手工，身体和心理就开始不舒服了，并且违背了个人的座右铭：“偷懒”是人类进步的第一推动力。<br/>每次想要去测试环境验证个新功能，又或者被测试无情的催促着部署新版本后；都需要本地打那个200多M的jar包；以龟速般的每秒几十KB网络，通过ftp上传到服务器；用烂熟透的jps命令查找到进程，kill后，重启服务。<br/>是的，我想偷懒，想从已陷入到手工部署的沼泽地里走出来。如何救赎？<br/>自我救赎之路<br/>我的诉求很简单，想要一款“一键CI/CD的工具”，然后可以继续偷懒。为了省事，我做了以下工作<br/>找了一款停止服务的脚本，并做了小小的优化<br/>首推 陈皮大哥的停服脚本（我在里面加了个sleep 5）；脚本见下文。只需要修改 APP_MAINCLASS的变量“XXX-1.0.0.jar”替换为自己jar的名字即可，其它不用动。<br/>该脚本主要是通过jps + jar的名字获得进程号，进行kill。( 脚本很简单，注释也很详细，就不展开了，感兴趣可以阅读下，不到5分钟，写过代码的你能看懂的)<br/><br/>作者：程序员猪佩琪<br/>链接：<a href=\"https://juejin.cn/post/7257440759569055802\" target=\"_blank\">https://juejin.cn/post/7257440759569055802</a><br/>来源：稀土掘金<br/>著作权归作者所有。商业转载请联系作者获得授权，非商业转载请注明出处。<br/></p>', '在小小的公司里面，挖呀挖呀挖。快挖不动了，一件事重复个5次，还在人肉手工，身体和心理就开始不舒服了，并且违背了个人的座右铭：“偷懒”是人类进步的第一推动力。', 'http://localhost:9090/files/1701833847024-微信截图_20231117155458.png', '[\"后端\"]', 4, '2023-11-22', 3, 10);
INSERT INTO `blog` VALUES (13, '哈哈哈哈哈哈哈我的测试的', '<h1>看简历</h1><p>上来首先是万年不变的自我介绍，介绍完之后面试官就开始逐行看我的简历，并针对简历上的项目经历进行询问。询问的十分详细。</p><h1>如何实现新手指引</h1><p>问这个问题的原因是我简历上写到了使用driver.js库实现了新手指引。</p><p><br/></p><p>实现思路是：<br/><br/>点击“开始指引”：找到id为mask的元素，为该元素添加蒙层样式（setMask）<br/>添加提示信息：找到id为tip的元素，将提示信息添加为该元素的子元素(setTip)<br/>高亮当前步骤元素：找到当前目标元素，克隆目标元素，然后将克隆后的目标元素添加为curStepMask的子元素(setTip)<br/>定位tip和curStepMask的元素：curStepMask元素在当前目标元素的正上方，tip元素根据情况而定<br/>每次添加当前提示信息时要移除上一次添加的提示信息和覆盖元素（removeTip，removeStepMask）<br/><br/></p>', '最近接到了百度的面试，个人觉得基础知识准备的比较充分，就去网上找了一些百度的面经', 'http://localhost:9090/files/1701833847024-微信截图_20231117155458.png', '[\"后端\",\"Java\",\"面试\"]', 4, '2023-11-17', 1, 10);
INSERT INTO `blog` VALUES (14, '噢哈哈哈哈哈测试还不错', '<div id=\"article-root\" itemprop=\"articleBody\" class=\"article-viewer markdown-body cache result\" data-v-536a572c=\"\"><style>.markdown-body{color:#595959;font-size:15px;font-family:-apple-system,system-ui,BlinkMacSystemFont,Helvetica Neue,PingFang SC,Hiragino Sans GB,Microsoft YaHei,Arial,sans-serif;background-image:linear-gradient(90deg,rgba(60,10,30,.04) 3%,transparent 0),linear-gradient(1turn,rgba(60,10,30,.04) 3%,transparent 0);background-size:20px 20px;background-position:50%}.markdown-body p{color:#595959;font-size:15px;line-height:2;font-weight:400}.markdown-body p+p{margin-top:16px}.markdown-body h1,.markdown-body h2,.markdown-body h3,.markdown-body h4,.markdown-body h5,.markdown-body h6{padding:30px 0;margin:0;color:#135ce0}.markdown-body h1{position:relative;text-align:center;font-size:22px;margin:50px 0}.markdown-body h1:before{position:absolute;content:\"\";top:-10px;left:50%;width:32px;height:32px;transform:translateX(-50%);background-size:100% 100%;opacity:.36;background-repeat:no-repeat;background:url(data:image/png;base64,iVBORw0KGgoAAAANSUhEUgAAACAAAAAgCAMAAABEpIrGAAAABGdBTUEAALGPC/xhBQAAACBjSFJNAAB6JgAAgIQAAPoAAACA6AAAdTAAAOpgAAA6mAAAF3CculE8AAABfVBMVEX///8Ad/8AgP8AgP8AgP8Aff8AgP8Af/8AgP8AVf8Af/8Af/8AgP8AgP8Af/8Afv8AAP8Afv8Afv8Aef8AgP8AdP8Afv8AgP8AgP8Acf8Ae/8AgP8Af/8AgP8Af/8Af/8AfP8Afv8AgP8Af/8Af/8Afv8Afv8AgP8Afv8AgP8Af/8Af/8AgP8AgP8Afv8AgP8Af/8AgP8AgP8AgP8Ae/8Afv8Af/8AgP8Af/8AgP8Af/8Af/8Aff8Af/8Abf8AgP8Af/8AgP8Af/8Af/8Afv8AgP8AgP8Afv8Afv8AgP8Af/8Aff8AgP8Afv8AgP8Aff8AgP8AfP8AgP8Ae/8AgP8Af/8AgP8AgP8AgP8Afv8AgP8AgP8AgP8Afv8AgP8AgP8AgP8AgP8AgP8Af/8AgP8Af/8Af/8Aev8Af/8AgP8Aff8Afv8AgP8AgP8AgP8Af/8AgP8Af/8Af/8AgP8Afv8AgP8AgP8AgP8AgP8Af/8AeP8Af/8Af/8Af//////rzEHnAAAAfXRSTlMAD7CCAivatxIDx5EMrP19AXdLEwgLR+6iCR/M0yLRzyFF7JupSXn8cw6v60Q0QeqzKtgeG237HMne850/6Qeq7QaZ+WdydHtj+OM3qENCMRYl1B3K2U7wnlWE/mhlirjkODa9FN/BF7/iNV/2kASNZpX1Wlf03C4stRGxgUPclqoAAAABYktHRACIBR1IAAAACXBIWXMAAAsTAAALEwEAmpwYAAAAB3RJTUUH4gEaBzgZ4yeM3AAAAT9JREFUOMvNUldbwkAQvCAqsSBoABE7asSOBRUVVBQNNuy9996789+9cMFAMHnVebmdm+/bmdtbQv4dOFOW2UjPzgFyLfo6nweKfIMOBYWwFtmMPGz2Yj2pJI0JDq3udJW6VVbmKa9I192VQFV1ktXUAl5NB0cd4KpnORqsEO2ZIRpF9gJfE9Dckqq0KuZt7UAH5+8EPF3spjsRpCeQNO/tA/qDwIDA+OCQbBoKA8NOdjMySgcZGVM6jwcgRuUiSs0nlPFNSrEpJfU0jTLD6llqbvKxei7OzvkFNQohi0vAsj81+MoqsCaoPOQFgus/1LyxichW+hS2JWCHZ7VlF9jb187pIAYcHiViHAMnp5mTjJ8B5xeEXF4B1ze/fTh/C0h398DDI9HB07O8ci+vRBdvdGnfP4gBuM8vw7X/G3wDmFhFZEdxzjMAAAAldEVYdGRhdGU6Y3JlYXRlADIwMTgtMDEtMjZUMDc6NTY6MjUrMDE6MDA67pVWAAAAJXRFWHRkYXRlOm1vZGlmeQAyMDE4LTAxLTI2VDA3OjU2OjI1KzAxOjAwS7Mt6gAAABl0RVh0U29mdHdhcmUAd3d3Lmlua3NjYXBlLm9yZ5vuPBoAAAAWdEVYdFRpdGxlAGp1ZWppbl9sb2dvIGNvcHlxapmKAAAAV3pUWHRSYXcgcHJvZmlsZSB0eXBlIGlwdGMAAHic4/IMCHFWKCjKT8vMSeVSAAMjCy5jCxMjE0uTFAMTIESANMNkAyOzVCDL2NTIxMzEHMQHy4BIoEouAOoXEXTyQjWVAAAAAElFTkSuQmCC)}.markdown-body h2{position:relative;font-size:20px;border-left:4px solid;padding:0 0 0 10px;margin:30px 0}.markdown-body h3{font-size:16px}.markdown-body ul{list-style:disc outside;margin-left:2em;margin-top:1em}.markdown-body li{line-height:2;color:#595959}.markdown-body img.loaded{margin:0 auto;display:block}.markdown-body blockquote{background:#fff9f9;margin:2em 0;padding:2px 20px;border-left:4px solid #b2aec5}.markdown-body blockquote p{color:#666;line-height:2}.markdown-body a{color:#036aca;border-bottom:1px solid rgba(3,106,202,.8);font-weight:400;text-decoration:none}.markdown-body em strong,.markdown-body strong{color:#036aca}.markdown-body hr{border-top:1px solid #135ce0}.markdown-body pre{overflow:auto}.markdown-body code,.markdown-body pre{overflow:auto;position:relative;line-height:1.75;font-family:Menlo,Monaco,Consolas,Courier New,monospace}.markdown-body pre>code{font-size:12px;padding:15px 12px;margin:0;word-break:normal;display:block;overflow-x:auto;color:#333;background:#f8f8f8}.markdown-body code{word-break:break-word;border-radius:2px;overflow-x:auto;background-color:#fff5f5;color:#ff502c;font-size:.87em;padding:.065em .4em}.markdown-body table{border-collapse:collapse;margin:1rem 0;overflow-x:auto}.markdown-body table td,.markdown-body table th{border:1px solid #dfe2e5;padding:.6em 1em}.markdown-body table tr{border-top:1px solid #dfe2e5}.markdown-body table tr:nth-child(2n){background-color:#f6f8fa}</style><style data-highlight=\"\">.markdown-body pre,.markdown-body pre>code.hljs{color:#333;background:#f8f8f8}.hljs-comment,.hljs-quote{color:#998;font-style:italic}.hljs-keyword,.hljs-selector-tag,.hljs-subst{color:#333;font-weight:700}.hljs-literal,.hljs-number,.hljs-tag .hljs-attr,.hljs-template-variable,.hljs-variable{color:teal}.hljs-doctag,.hljs-string{color:#d14}.hljs-section,.hljs-selector-id,.hljs-title{color:#900;font-weight:700}.hljs-subst{font-weight:400}.hljs-class .hljs-title,.hljs-type{color:#458;font-weight:700}.hljs-attribute,.hljs-name,.hljs-tag{color:navy;font-weight:400}.hljs-link,.hljs-regexp{color:#009926}.hljs-bullet,.hljs-symbol{color:#990073}.hljs-built_in,.hljs-builtin-name{color:#0086b3}.hljs-meta{color:#999;font-weight:700}.hljs-deletion{background:#fdd}.hljs-addition{background:#dfd}.hljs-emphasis{font-style:italic}.hljs-strong{font-weight:700}</style><p>在学习设计模式的过程中，我们大多数还是只停留在概念层面，很少有机会能在实际开发中用到，任何一个知识点，如果我们不能达到至少从2个方面去窥探它的话，很难真正去理解它。</p>\n<p>而阅读优秀框架的源码是我们窥探设计模式很好的途径，在Mybatis中用到了大概有9种设计模式：</p>\n<ol>\n<li>Builder模式</li>\n<li>工厂模式</li>\n<li>单例模式</li>\n<li>代理模式</li>\n<li>组合模式</li>\n<li>模板方法模式</li>\n<li>适配器模式</li>\n<li>装饰着模式</li>\n<li>迭代器模式</li></ol>\n<p>对于23种设计模式我们并不需要刻意的记忆，而且很多设计模式的实现原理很像，只不过是名字不一样，并且如果去阅读一些框架的源码的话，可以发现其实框架对很多设计模式的实 现，都并非标准的代码实现，都做了比较多的自我改进。\n实际上，这就是所谓的灵活应用, 只借鉴不照搬, 根据具体问题针对性地去解决。</p>\n<p>软件设计模式犹如剑法一样，当哪天我们真正做到：<strong>手中无剑，心中有剑，人剑合一的境界</strong>，我们才真正理解软件设计。</p></div>', '在学习设计模式的过程中，我们大多数还是只停留在概念层面，很少有机会能在实际开发中用到，任何一个知识点，如果我们不能达到至少从2个方面去窥探它的话，很难真正去理解它。', 'http://localhost:9090/files/1701833847024-微信截图_20231117155458.png', '[\"后端\",\"Java\",\"面试\"]', 4, '2023-11-17', 2, 8);
INSERT INTO `blog` VALUES (15, '小青哥哥哥专属博客', '<p>背景（偷懒）<br/>在小小的公司里面，挖呀挖呀挖。快挖不动了，一件事重复个5次，还在人肉手工，身体和心理就开始不舒服了，并且违背了个人的座右铭：“偷懒”是人类进步的第一推动力。<br/>每次想要去测试环境验证个新功能，又或者被测试无情的催促着部署新版本后；都需要本地打那个200多M的jar包；以龟速般的每秒几十KB网络，通过ftp上传到服务器；用烂熟透的jps命令查找到进程，kill后，重启服务。<br/>是的，我想偷懒，想从已陷入到手工部署的沼泽地里走出来。如何救赎？<br/>自我救赎之路<br/>我的诉求很简单，想要一款“一键CI/CD的工具”，然后可以继续偷懒。为了省事，我做了以下工作<br/>找了一款停止服务的脚本，并做了小小的优化<br/>首推 陈皮大哥的停服脚本（我在里面加了个sleep 5）；脚本见下文。只需要修改 APP_MAINCLASS的变量“XXX-1.0.0.jar”替换为自己jar的名字即可，其它不用动。<br/>该脚本主要是通过jps + jar的名字获得进程号，进行kill。( 脚本很简单，注释也很详细，就不展开了，感兴趣可以阅读下，不到5分钟，写过代码的你能看懂的)<br/><br/>作者：程序员猪佩琪<br/>链接：<a href=\"https://juejin.cn/post/7257440759569055802\" target=\"_blank\">https://juejin.cn/post/7257440759569055802</a><br/>来源：稀土掘金<br/>著作权归作者所有。商业转载请联系作者获得授权，非商业转载请注明出处。<br/></p>', '在小小的公司里面，挖呀挖呀挖。快挖不动了，一件事重复个5次，还在人肉手工，身体和心理就开始不舒服了，并且违背了个人的座右铭：“偷懒”是人类进步的第一推动力。', 'http://localhost:9090/files/1701833847024-微信截图_20231117155458.png', '[\"后端\"]', 4, '2023-11-22', 3, 5);
INSERT INTO `blog` VALUES (16, '哈哈哈哈哈哈哈我的测试的', '<h1>看简历</h1><p>上来首先是万年不变的自我介绍，介绍完之后面试官就开始逐行看我的简历，并针对简历上的项目经历进行询问。询问的十分详细。</p><h1>如何实现新手指引</h1><p>问这个问题的原因是我简历上写到了使用driver.js库实现了新手指引。</p><p><br/></p><p>实现思路是：<br/><br/>点击“开始指引”：找到id为mask的元素，为该元素添加蒙层样式（setMask）<br/>添加提示信息：找到id为tip的元素，将提示信息添加为该元素的子元素(setTip)<br/>高亮当前步骤元素：找到当前目标元素，克隆目标元素，然后将克隆后的目标元素添加为curStepMask的子元素(setTip)<br/>定位tip和curStepMask的元素：curStepMask元素在当前目标元素的正上方，tip元素根据情况而定<br/>每次添加当前提示信息时要移除上一次添加的提示信息和覆盖元素（removeTip，removeStepMask）<br/><br/></p>', '最近接到了百度的面试，个人觉得基础知识准备的比较充分，就去网上找了一些百度的面经', 'http://localhost:9090/files/1701833847024-微信截图_20231117155458.png', '[\"后端\",\"Java\",\"面试\"]', 4, '2023-11-17', 1, 1);
INSERT INTO `blog` VALUES (17, '噢哈哈哈哈哈测试还不错', '<div id=\"article-root\" itemprop=\"articleBody\" class=\"article-viewer markdown-body cache result\" data-v-536a572c=\"\"><style>.markdown-body{color:#595959;font-size:15px;font-family:-apple-system,system-ui,BlinkMacSystemFont,Helvetica Neue,PingFang SC,Hiragino Sans GB,Microsoft YaHei,Arial,sans-serif;background-image:linear-gradient(90deg,rgba(60,10,30,.04) 3%,transparent 0),linear-gradient(1turn,rgba(60,10,30,.04) 3%,transparent 0);background-size:20px 20px;background-position:50%}.markdown-body p{color:#595959;font-size:15px;line-height:2;font-weight:400}.markdown-body p+p{margin-top:16px}.markdown-body h1,.markdown-body h2,.markdown-body h3,.markdown-body h4,.markdown-body h5,.markdown-body h6{padding:30px 0;margin:0;color:#135ce0}.markdown-body h1{position:relative;text-align:center;font-size:22px;margin:50px 0}.markdown-body h1:before{position:absolute;content:\"\";top:-10px;left:50%;width:32px;height:32px;transform:translateX(-50%);background-size:100% 100%;opacity:.36;background-repeat:no-repeat;background:url(data:image/png;base64,iVBORw0KGgoAAAANSUhEUgAAACAAAAAgCAMAAABEpIrGAAAABGdBTUEAALGPC/xhBQAAACBjSFJNAAB6JgAAgIQAAPoAAACA6AAAdTAAAOpgAAA6mAAAF3CculE8AAABfVBMVEX///8Ad/8AgP8AgP8AgP8Aff8AgP8Af/8AgP8AVf8Af/8Af/8AgP8AgP8Af/8Afv8AAP8Afv8Afv8Aef8AgP8AdP8Afv8AgP8AgP8Acf8Ae/8AgP8Af/8AgP8Af/8Af/8AfP8Afv8AgP8Af/8Af/8Afv8Afv8AgP8Afv8AgP8Af/8Af/8AgP8AgP8Afv8AgP8Af/8AgP8AgP8AgP8Ae/8Afv8Af/8AgP8Af/8AgP8Af/8Af/8Aff8Af/8Abf8AgP8Af/8AgP8Af/8Af/8Afv8AgP8AgP8Afv8Afv8AgP8Af/8Aff8AgP8Afv8AgP8Aff8AgP8AfP8AgP8Ae/8AgP8Af/8AgP8AgP8AgP8Afv8AgP8AgP8AgP8Afv8AgP8AgP8AgP8AgP8AgP8Af/8AgP8Af/8Af/8Aev8Af/8AgP8Aff8Afv8AgP8AgP8AgP8Af/8AgP8Af/8Af/8AgP8Afv8AgP8AgP8AgP8AgP8Af/8AeP8Af/8Af/8Af//////rzEHnAAAAfXRSTlMAD7CCAivatxIDx5EMrP19AXdLEwgLR+6iCR/M0yLRzyFF7JupSXn8cw6v60Q0QeqzKtgeG237HMne850/6Qeq7QaZ+WdydHtj+OM3qENCMRYl1B3K2U7wnlWE/mhlirjkODa9FN/BF7/iNV/2kASNZpX1Wlf03C4stRGxgUPclqoAAAABYktHRACIBR1IAAAACXBIWXMAAAsTAAALEwEAmpwYAAAAB3RJTUUH4gEaBzgZ4yeM3AAAAT9JREFUOMvNUldbwkAQvCAqsSBoABE7asSOBRUVVBQNNuy9996789+9cMFAMHnVebmdm+/bmdtbQv4dOFOW2UjPzgFyLfo6nweKfIMOBYWwFtmMPGz2Yj2pJI0JDq3udJW6VVbmKa9I192VQFV1ktXUAl5NB0cd4KpnORqsEO2ZIRpF9gJfE9Dckqq0KuZt7UAH5+8EPF3spjsRpCeQNO/tA/qDwIDA+OCQbBoKA8NOdjMySgcZGVM6jwcgRuUiSs0nlPFNSrEpJfU0jTLD6llqbvKxei7OzvkFNQohi0vAsj81+MoqsCaoPOQFgus/1LyxichW+hS2JWCHZ7VlF9jb187pIAYcHiViHAMnp5mTjJ8B5xeEXF4B1ze/fTh/C0h398DDI9HB07O8ci+vRBdvdGnfP4gBuM8vw7X/G3wDmFhFZEdxzjMAAAAldEVYdGRhdGU6Y3JlYXRlADIwMTgtMDEtMjZUMDc6NTY6MjUrMDE6MDA67pVWAAAAJXRFWHRkYXRlOm1vZGlmeQAyMDE4LTAxLTI2VDA3OjU2OjI1KzAxOjAwS7Mt6gAAABl0RVh0U29mdHdhcmUAd3d3Lmlua3NjYXBlLm9yZ5vuPBoAAAAWdEVYdFRpdGxlAGp1ZWppbl9sb2dvIGNvcHlxapmKAAAAV3pUWHRSYXcgcHJvZmlsZSB0eXBlIGlwdGMAAHic4/IMCHFWKCjKT8vMSeVSAAMjCy5jCxMjE0uTFAMTIESANMNkAyOzVCDL2NTIxMzEHMQHy4BIoEouAOoXEXTyQjWVAAAAAElFTkSuQmCC)}.markdown-body h2{position:relative;font-size:20px;border-left:4px solid;padding:0 0 0 10px;margin:30px 0}.markdown-body h3{font-size:16px}.markdown-body ul{list-style:disc outside;margin-left:2em;margin-top:1em}.markdown-body li{line-height:2;color:#595959}.markdown-body img.loaded{margin:0 auto;display:block}.markdown-body blockquote{background:#fff9f9;margin:2em 0;padding:2px 20px;border-left:4px solid #b2aec5}.markdown-body blockquote p{color:#666;line-height:2}.markdown-body a{color:#036aca;border-bottom:1px solid rgba(3,106,202,.8);font-weight:400;text-decoration:none}.markdown-body em strong,.markdown-body strong{color:#036aca}.markdown-body hr{border-top:1px solid #135ce0}.markdown-body pre{overflow:auto}.markdown-body code,.markdown-body pre{overflow:auto;position:relative;line-height:1.75;font-family:Menlo,Monaco,Consolas,Courier New,monospace}.markdown-body pre>code{font-size:12px;padding:15px 12px;margin:0;word-break:normal;display:block;overflow-x:auto;color:#333;background:#f8f8f8}.markdown-body code{word-break:break-word;border-radius:2px;overflow-x:auto;background-color:#fff5f5;color:#ff502c;font-size:.87em;padding:.065em .4em}.markdown-body table{border-collapse:collapse;margin:1rem 0;overflow-x:auto}.markdown-body table td,.markdown-body table th{border:1px solid #dfe2e5;padding:.6em 1em}.markdown-body table tr{border-top:1px solid #dfe2e5}.markdown-body table tr:nth-child(2n){background-color:#f6f8fa}</style><style data-highlight=\"\">.markdown-body pre,.markdown-body pre>code.hljs{color:#333;background:#f8f8f8}.hljs-comment,.hljs-quote{color:#998;font-style:italic}.hljs-keyword,.hljs-selector-tag,.hljs-subst{color:#333;font-weight:700}.hljs-literal,.hljs-number,.hljs-tag .hljs-attr,.hljs-template-variable,.hljs-variable{color:teal}.hljs-doctag,.hljs-string{color:#d14}.hljs-section,.hljs-selector-id,.hljs-title{color:#900;font-weight:700}.hljs-subst{font-weight:400}.hljs-class .hljs-title,.hljs-type{color:#458;font-weight:700}.hljs-attribute,.hljs-name,.hljs-tag{color:navy;font-weight:400}.hljs-link,.hljs-regexp{color:#009926}.hljs-bullet,.hljs-symbol{color:#990073}.hljs-built_in,.hljs-builtin-name{color:#0086b3}.hljs-meta{color:#999;font-weight:700}.hljs-deletion{background:#fdd}.hljs-addition{background:#dfd}.hljs-emphasis{font-style:italic}.hljs-strong{font-weight:700}</style><p>在学习设计模式的过程中，我们大多数还是只停留在概念层面，很少有机会能在实际开发中用到，任何一个知识点，如果我们不能达到至少从2个方面去窥探它的话，很难真正去理解它。</p>\n<p>而阅读优秀框架的源码是我们窥探设计模式很好的途径，在Mybatis中用到了大概有9种设计模式：</p>\n<ol>\n<li>Builder模式</li>\n<li>工厂模式</li>\n<li>单例模式</li>\n<li>代理模式</li>\n<li>组合模式</li>\n<li>模板方法模式</li>\n<li>适配器模式</li>\n<li>装饰着模式</li>\n<li>迭代器模式</li></ol>\n<p>对于23种设计模式我们并不需要刻意的记忆，而且很多设计模式的实现原理很像，只不过是名字不一样，并且如果去阅读一些框架的源码的话，可以发现其实框架对很多设计模式的实 现，都并非标准的代码实现，都做了比较多的自我改进。\n实际上，这就是所谓的灵活应用, 只借鉴不照搬, 根据具体问题针对性地去解决。</p>\n<p>软件设计模式犹如剑法一样，当哪天我们真正做到：<strong>手中无剑，心中有剑，人剑合一的境界</strong>，我们才真正理解软件设计。</p></div>', '在学习设计模式的过程中，我们大多数还是只停留在概念层面，很少有机会能在实际开发中用到，任何一个知识点，如果我们不能达到至少从2个方面去窥探它的话，很难真正去理解它。', 'http://localhost:9090/files/1701833847024-微信截图_20231117155458.png', '[\"后端\",\"Java\",\"面试\"]', 4, '2023-11-17', 2, 10);
INSERT INTO `blog` VALUES (18, '小青哥哥哥专属博客', '<p>背景（偷懒）<br/>在小小的公司里面，挖呀挖呀挖。快挖不动了，一件事重复个5次，还在人肉手工，身体和心理就开始不舒服了，并且违背了个人的座右铭：“偷懒”是人类进步的第一推动力。<br/>每次想要去测试环境验证个新功能，又或者被测试无情的催促着部署新版本后；都需要本地打那个200多M的jar包；以龟速般的每秒几十KB网络，通过ftp上传到服务器；用烂熟透的jps命令查找到进程，kill后，重启服务。<br/>是的，我想偷懒，想从已陷入到手工部署的沼泽地里走出来。如何救赎？<br/>自我救赎之路<br/>我的诉求很简单，想要一款“一键CI/CD的工具”，然后可以继续偷懒。为了省事，我做了以下工作<br/>找了一款停止服务的脚本，并做了小小的优化<br/>首推 陈皮大哥的停服脚本（我在里面加了个sleep 5）；脚本见下文。只需要修改 APP_MAINCLASS的变量“XXX-1.0.0.jar”替换为自己jar的名字即可，其它不用动。<br/>该脚本主要是通过jps + jar的名字获得进程号，进行kill。( 脚本很简单，注释也很详细，就不展开了，感兴趣可以阅读下，不到5分钟，写过代码的你能看懂的)<br/><br/>作者：程序员猪佩琪<br/>链接：<a href=\"https://juejin.cn/post/7257440759569055802\" target=\"_blank\">https://juejin.cn/post/7257440759569055802</a><br/>来源：稀土掘金<br/>著作权归作者所有。商业转载请联系作者获得授权，非商业转载请注明出处。<br/></p>', '在小小的公司里面，挖呀挖呀挖。快挖不动了，一件事重复个5次，还在人肉手工，身体和心理就开始不舒服了，并且违背了个人的座右铭：“偷懒”是人类进步的第一推动力。', 'http://localhost:9090/files/1701833847024-微信截图_20231117155458.png', '[\"后端\"]', 4, '2023-11-22', 3, 10);
INSERT INTO `blog` VALUES (19, '哈哈哈哈哈哈哈我的测试的', '<h1>看简历</h1><p>上来首先是万年不变的自我介绍，介绍完之后面试官就开始逐行看我的简历，并针对简历上的项目经历进行询问。询问的十分详细。</p><h1>如何实现新手指引</h1><p>问这个问题的原因是我简历上写到了使用driver.js库实现了新手指引。</p><p><br/></p><p>实现思路是：<br/><br/>点击“开始指引”：找到id为mask的元素，为该元素添加蒙层样式（setMask）<br/>添加提示信息：找到id为tip的元素，将提示信息添加为该元素的子元素(setTip)<br/>高亮当前步骤元素：找到当前目标元素，克隆目标元素，然后将克隆后的目标元素添加为curStepMask的子元素(setTip)<br/>定位tip和curStepMask的元素：curStepMask元素在当前目标元素的正上方，tip元素根据情况而定<br/>每次添加当前提示信息时要移除上一次添加的提示信息和覆盖元素（removeTip，removeStepMask）<br/><br/></p>', '最近接到了百度的面试，个人觉得基础知识准备的比较充分，就去网上找了一些百度的面经', 'http://localhost:9090/files/1701833847024-微信截图_20231117155458.png', '[\"后端\",\"Java\",\"面试\"]', 4, '2023-11-17', 1, 8);
INSERT INTO `blog` VALUES (20, '噢哈哈哈哈哈测试还不错', '<div id=\"article-root\" itemprop=\"articleBody\" class=\"article-viewer markdown-body cache result\" data-v-536a572c=\"\"><style>.markdown-body{color:#595959;font-size:15px;font-family:-apple-system,system-ui,BlinkMacSystemFont,Helvetica Neue,PingFang SC,Hiragino Sans GB,Microsoft YaHei,Arial,sans-serif;background-image:linear-gradient(90deg,rgba(60,10,30,.04) 3%,transparent 0),linear-gradient(1turn,rgba(60,10,30,.04) 3%,transparent 0);background-size:20px 20px;background-position:50%}.markdown-body p{color:#595959;font-size:15px;line-height:2;font-weight:400}.markdown-body p+p{margin-top:16px}.markdown-body h1,.markdown-body h2,.markdown-body h3,.markdown-body h4,.markdown-body h5,.markdown-body h6{padding:30px 0;margin:0;color:#135ce0}.markdown-body h1{position:relative;text-align:center;font-size:22px;margin:50px 0}.markdown-body h1:before{position:absolute;content:\"\";top:-10px;left:50%;width:32px;height:32px;transform:translateX(-50%);background-size:100% 100%;opacity:.36;background-repeat:no-repeat;background:url(data:image/png;base64,iVBORw0KGgoAAAANSUhEUgAAACAAAAAgCAMAAABEpIrGAAAABGdBTUEAALGPC/xhBQAAACBjSFJNAAB6JgAAgIQAAPoAAACA6AAAdTAAAOpgAAA6mAAAF3CculE8AAABfVBMVEX///8Ad/8AgP8AgP8AgP8Aff8AgP8Af/8AgP8AVf8Af/8Af/8AgP8AgP8Af/8Afv8AAP8Afv8Afv8Aef8AgP8AdP8Afv8AgP8AgP8Acf8Ae/8AgP8Af/8AgP8Af/8Af/8AfP8Afv8AgP8Af/8Af/8Afv8Afv8AgP8Afv8AgP8Af/8Af/8AgP8AgP8Afv8AgP8Af/8AgP8AgP8AgP8Ae/8Afv8Af/8AgP8Af/8AgP8Af/8Af/8Aff8Af/8Abf8AgP8Af/8AgP8Af/8Af/8Afv8AgP8AgP8Afv8Afv8AgP8Af/8Aff8AgP8Afv8AgP8Aff8AgP8AfP8AgP8Ae/8AgP8Af/8AgP8AgP8AgP8Afv8AgP8AgP8AgP8Afv8AgP8AgP8AgP8AgP8AgP8Af/8AgP8Af/8Af/8Aev8Af/8AgP8Aff8Afv8AgP8AgP8AgP8Af/8AgP8Af/8Af/8AgP8Afv8AgP8AgP8AgP8AgP8Af/8AeP8Af/8Af/8Af//////rzEHnAAAAfXRSTlMAD7CCAivatxIDx5EMrP19AXdLEwgLR+6iCR/M0yLRzyFF7JupSXn8cw6v60Q0QeqzKtgeG237HMne850/6Qeq7QaZ+WdydHtj+OM3qENCMRYl1B3K2U7wnlWE/mhlirjkODa9FN/BF7/iNV/2kASNZpX1Wlf03C4stRGxgUPclqoAAAABYktHRACIBR1IAAAACXBIWXMAAAsTAAALEwEAmpwYAAAAB3RJTUUH4gEaBzgZ4yeM3AAAAT9JREFUOMvNUldbwkAQvCAqsSBoABE7asSOBRUVVBQNNuy9996789+9cMFAMHnVebmdm+/bmdtbQv4dOFOW2UjPzgFyLfo6nweKfIMOBYWwFtmMPGz2Yj2pJI0JDq3udJW6VVbmKa9I192VQFV1ktXUAl5NB0cd4KpnORqsEO2ZIRpF9gJfE9Dckqq0KuZt7UAH5+8EPF3spjsRpCeQNO/tA/qDwIDA+OCQbBoKA8NOdjMySgcZGVM6jwcgRuUiSs0nlPFNSrEpJfU0jTLD6llqbvKxei7OzvkFNQohi0vAsj81+MoqsCaoPOQFgus/1LyxichW+hS2JWCHZ7VlF9jb187pIAYcHiViHAMnp5mTjJ8B5xeEXF4B1ze/fTh/C0h398DDI9HB07O8ci+vRBdvdGnfP4gBuM8vw7X/G3wDmFhFZEdxzjMAAAAldEVYdGRhdGU6Y3JlYXRlADIwMTgtMDEtMjZUMDc6NTY6MjUrMDE6MDA67pVWAAAAJXRFWHRkYXRlOm1vZGlmeQAyMDE4LTAxLTI2VDA3OjU2OjI1KzAxOjAwS7Mt6gAAABl0RVh0U29mdHdhcmUAd3d3Lmlua3NjYXBlLm9yZ5vuPBoAAAAWdEVYdFRpdGxlAGp1ZWppbl9sb2dvIGNvcHlxapmKAAAAV3pUWHRSYXcgcHJvZmlsZSB0eXBlIGlwdGMAAHic4/IMCHFWKCjKT8vMSeVSAAMjCy5jCxMjE0uTFAMTIESANMNkAyOzVCDL2NTIxMzEHMQHy4BIoEouAOoXEXTyQjWVAAAAAElFTkSuQmCC)}.markdown-body h2{position:relative;font-size:20px;border-left:4px solid;padding:0 0 0 10px;margin:30px 0}.markdown-body h3{font-size:16px}.markdown-body ul{list-style:disc outside;margin-left:2em;margin-top:1em}.markdown-body li{line-height:2;color:#595959}.markdown-body img.loaded{margin:0 auto;display:block}.markdown-body blockquote{background:#fff9f9;margin:2em 0;padding:2px 20px;border-left:4px solid #b2aec5}.markdown-body blockquote p{color:#666;line-height:2}.markdown-body a{color:#036aca;border-bottom:1px solid rgba(3,106,202,.8);font-weight:400;text-decoration:none}.markdown-body em strong,.markdown-body strong{color:#036aca}.markdown-body hr{border-top:1px solid #135ce0}.markdown-body pre{overflow:auto}.markdown-body code,.markdown-body pre{overflow:auto;position:relative;line-height:1.75;font-family:Menlo,Monaco,Consolas,Courier New,monospace}.markdown-body pre>code{font-size:12px;padding:15px 12px;margin:0;word-break:normal;display:block;overflow-x:auto;color:#333;background:#f8f8f8}.markdown-body code{word-break:break-word;border-radius:2px;overflow-x:auto;background-color:#fff5f5;color:#ff502c;font-size:.87em;padding:.065em .4em}.markdown-body table{border-collapse:collapse;margin:1rem 0;overflow-x:auto}.markdown-body table td,.markdown-body table th{border:1px solid #dfe2e5;padding:.6em 1em}.markdown-body table tr{border-top:1px solid #dfe2e5}.markdown-body table tr:nth-child(2n){background-color:#f6f8fa}</style><style data-highlight=\"\">.markdown-body pre,.markdown-body pre>code.hljs{color:#333;background:#f8f8f8}.hljs-comment,.hljs-quote{color:#998;font-style:italic}.hljs-keyword,.hljs-selector-tag,.hljs-subst{color:#333;font-weight:700}.hljs-literal,.hljs-number,.hljs-tag .hljs-attr,.hljs-template-variable,.hljs-variable{color:teal}.hljs-doctag,.hljs-string{color:#d14}.hljs-section,.hljs-selector-id,.hljs-title{color:#900;font-weight:700}.hljs-subst{font-weight:400}.hljs-class .hljs-title,.hljs-type{color:#458;font-weight:700}.hljs-attribute,.hljs-name,.hljs-tag{color:navy;font-weight:400}.hljs-link,.hljs-regexp{color:#009926}.hljs-bullet,.hljs-symbol{color:#990073}.hljs-built_in,.hljs-builtin-name{color:#0086b3}.hljs-meta{color:#999;font-weight:700}.hljs-deletion{background:#fdd}.hljs-addition{background:#dfd}.hljs-emphasis{font-style:italic}.hljs-strong{font-weight:700}</style><p>在学习设计模式的过程中，我们大多数还是只停留在概念层面，很少有机会能在实际开发中用到，任何一个知识点，如果我们不能达到至少从2个方面去窥探它的话，很难真正去理解它。</p>\n<p>而阅读优秀框架的源码是我们窥探设计模式很好的途径，在Mybatis中用到了大概有9种设计模式：</p>\n<ol>\n<li>Builder模式</li>\n<li>工厂模式</li>\n<li>单例模式</li>\n<li>代理模式</li>\n<li>组合模式</li>\n<li>模板方法模式</li>\n<li>适配器模式</li>\n<li>装饰着模式</li>\n<li>迭代器模式</li></ol>\n<p>对于23种设计模式我们并不需要刻意的记忆，而且很多设计模式的实现原理很像，只不过是名字不一样，并且如果去阅读一些框架的源码的话，可以发现其实框架对很多设计模式的实 现，都并非标准的代码实现，都做了比较多的自我改进。\n实际上，这就是所谓的灵活应用, 只借鉴不照搬, 根据具体问题针对性地去解决。</p>\n<p>软件设计模式犹如剑法一样，当哪天我们真正做到：<strong>手中无剑，心中有剑，人剑合一的境界</strong>，我们才真正理解软件设计。</p></div>', '在学习设计模式的过程中，我们大多数还是只停留在概念层面，很少有机会能在实际开发中用到，任何一个知识点，如果我们不能达到至少从2个方面去窥探它的话，很难真正去理解它。', 'http://localhost:9090/files/1701833847024-微信截图_20231117155458.png', '[\"后端\",\"Java\",\"面试\"]', 4, '2023-11-17', 3, 5);
INSERT INTO `blog` VALUES (21, '小青哥哥哥专属博客', '<p>背景（偷懒）<br/>在小小的公司里面，挖呀挖呀挖。快挖不动了，一件事重复个5次，还在人肉手工，身体和心理就开始不舒服了，并且违背了个人的座右铭：“偷懒”是人类进步的第一推动力。<br/>每次想要去测试环境验证个新功能，又或者被测试无情的催促着部署新版本后；都需要本地打那个200多M的jar包；以龟速般的每秒几十KB网络，通过ftp上传到服务器；用烂熟透的jps命令查找到进程，kill后，重启服务。<br/>是的，我想偷懒，想从已陷入到手工部署的沼泽地里走出来。如何救赎？<br/>自我救赎之路<br/>我的诉求很简单，想要一款“一键CI/CD的工具”，然后可以继续偷懒。为了省事，我做了以下工作<br/>找了一款停止服务的脚本，并做了小小的优化<br/>首推 陈皮大哥的停服脚本（我在里面加了个sleep 5）；脚本见下文。只需要修改 APP_MAINCLASS的变量“XXX-1.0.0.jar”替换为自己jar的名字即可，其它不用动。<br/>该脚本主要是通过jps + jar的名字获得进程号，进行kill。( 脚本很简单，注释也很详细，就不展开了，感兴趣可以阅读下，不到5分钟，写过代码的你能看懂的)<br/><br/>作者：程序员猪佩琪<br/>链接：<a href=\"https://juejin.cn/post/7257440759569055802\" target=\"_blank\">https://juejin.cn/post/7257440759569055802</a><br/>来源：稀土掘金<br/>著作权归作者所有。商业转载请联系作者获得授权，非商业转载请注明出处。<br/></p>', '在小小的公司里面，挖呀挖呀挖。快挖不动了，一件事重复个5次，还在人肉手工，身体和心理就开始不舒服了，并且违背了个人的座右铭：“偷懒”是人类进步的第一推动力。', 'http://localhost:9090/files/1701833847024-微信截图_20231117155458.png', '[\"后端\"]', 4, '2023-11-22', 3, 1);
INSERT INTO `blog` VALUES (22, '哈哈哈哈哈哈哈我的测试的', '<h1>看简历</h1><p>上来首先是万年不变的自我介绍，介绍完之后面试官就开始逐行看我的简历，并针对简历上的项目经历进行询问。询问的十分详细。</p><h1>如何实现新手指引</h1><p>问这个问题的原因是我简历上写到了使用driver.js库实现了新手指引。</p><p><br/></p><p>实现思路是：<br/><br/>点击“开始指引”：找到id为mask的元素，为该元素添加蒙层样式（setMask）<br/>添加提示信息：找到id为tip的元素，将提示信息添加为该元素的子元素(setTip)<br/>高亮当前步骤元素：找到当前目标元素，克隆目标元素，然后将克隆后的目标元素添加为curStepMask的子元素(setTip)<br/>定位tip和curStepMask的元素：curStepMask元素在当前目标元素的正上方，tip元素根据情况而定<br/>每次添加当前提示信息时要移除上一次添加的提示信息和覆盖元素（removeTip，removeStepMask）<br/><br/></p>', '最近接到了百度的面试，个人觉得基础知识准备的比较充分，就去网上找了一些百度的面经', 'http://localhost:9090/files/1701833847024-微信截图_20231117155458.png', '[\"后端\",\"Java\",\"面试\"]', 4, '2023-11-17', 1, 10);
INSERT INTO `blog` VALUES (23, '噢哈哈哈哈哈测试还不错', '<div id=\"article-root\" itemprop=\"articleBody\" class=\"article-viewer markdown-body cache result\" data-v-536a572c=\"\"><style>.markdown-body{color:#595959;font-size:15px;font-family:-apple-system,system-ui,BlinkMacSystemFont,Helvetica Neue,PingFang SC,Hiragino Sans GB,Microsoft YaHei,Arial,sans-serif;background-image:linear-gradient(90deg,rgba(60,10,30,.04) 3%,transparent 0),linear-gradient(1turn,rgba(60,10,30,.04) 3%,transparent 0);background-size:20px 20px;background-position:50%}.markdown-body p{color:#595959;font-size:15px;line-height:2;font-weight:400}.markdown-body p+p{margin-top:16px}.markdown-body h1,.markdown-body h2,.markdown-body h3,.markdown-body h4,.markdown-body h5,.markdown-body h6{padding:30px 0;margin:0;color:#135ce0}.markdown-body h1{position:relative;text-align:center;font-size:22px;margin:50px 0}.markdown-body h1:before{position:absolute;content:\"\";top:-10px;left:50%;width:32px;height:32px;transform:translateX(-50%);background-size:100% 100%;opacity:.36;background-repeat:no-repeat;background:url(data:image/png;base64,iVBORw0KGgoAAAANSUhEUgAAACAAAAAgCAMAAABEpIrGAAAABGdBTUEAALGPC/xhBQAAACBjSFJNAAB6JgAAgIQAAPoAAACA6AAAdTAAAOpgAAA6mAAAF3CculE8AAABfVBMVEX///8Ad/8AgP8AgP8AgP8Aff8AgP8Af/8AgP8AVf8Af/8Af/8AgP8AgP8Af/8Afv8AAP8Afv8Afv8Aef8AgP8AdP8Afv8AgP8AgP8Acf8Ae/8AgP8Af/8AgP8Af/8Af/8AfP8Afv8AgP8Af/8Af/8Afv8Afv8AgP8Afv8AgP8Af/8Af/8AgP8AgP8Afv8AgP8Af/8AgP8AgP8AgP8Ae/8Afv8Af/8AgP8Af/8AgP8Af/8Af/8Aff8Af/8Abf8AgP8Af/8AgP8Af/8Af/8Afv8AgP8AgP8Afv8Afv8AgP8Af/8Aff8AgP8Afv8AgP8Aff8AgP8AfP8AgP8Ae/8AgP8Af/8AgP8AgP8AgP8Afv8AgP8AgP8AgP8Afv8AgP8AgP8AgP8AgP8AgP8Af/8AgP8Af/8Af/8Aev8Af/8AgP8Aff8Afv8AgP8AgP8AgP8Af/8AgP8Af/8Af/8AgP8Afv8AgP8AgP8AgP8AgP8Af/8AeP8Af/8Af/8Af//////rzEHnAAAAfXRSTlMAD7CCAivatxIDx5EMrP19AXdLEwgLR+6iCR/M0yLRzyFF7JupSXn8cw6v60Q0QeqzKtgeG237HMne850/6Qeq7QaZ+WdydHtj+OM3qENCMRYl1B3K2U7wnlWE/mhlirjkODa9FN/BF7/iNV/2kASNZpX1Wlf03C4stRGxgUPclqoAAAABYktHRACIBR1IAAAACXBIWXMAAAsTAAALEwEAmpwYAAAAB3RJTUUH4gEaBzgZ4yeM3AAAAT9JREFUOMvNUldbwkAQvCAqsSBoABE7asSOBRUVVBQNNuy9996789+9cMFAMHnVebmdm+/bmdtbQv4dOFOW2UjPzgFyLfo6nweKfIMOBYWwFtmMPGz2Yj2pJI0JDq3udJW6VVbmKa9I192VQFV1ktXUAl5NB0cd4KpnORqsEO2ZIRpF9gJfE9Dckqq0KuZt7UAH5+8EPF3spjsRpCeQNO/tA/qDwIDA+OCQbBoKA8NOdjMySgcZGVM6jwcgRuUiSs0nlPFNSrEpJfU0jTLD6llqbvKxei7OzvkFNQohi0vAsj81+MoqsCaoPOQFgus/1LyxichW+hS2JWCHZ7VlF9jb187pIAYcHiViHAMnp5mTjJ8B5xeEXF4B1ze/fTh/C0h398DDI9HB07O8ci+vRBdvdGnfP4gBuM8vw7X/G3wDmFhFZEdxzjMAAAAldEVYdGRhdGU6Y3JlYXRlADIwMTgtMDEtMjZUMDc6NTY6MjUrMDE6MDA67pVWAAAAJXRFWHRkYXRlOm1vZGlmeQAyMDE4LTAxLTI2VDA3OjU2OjI1KzAxOjAwS7Mt6gAAABl0RVh0U29mdHdhcmUAd3d3Lmlua3NjYXBlLm9yZ5vuPBoAAAAWdEVYdFRpdGxlAGp1ZWppbl9sb2dvIGNvcHlxapmKAAAAV3pUWHRSYXcgcHJvZmlsZSB0eXBlIGlwdGMAAHic4/IMCHFWKCjKT8vMSeVSAAMjCy5jCxMjE0uTFAMTIESANMNkAyOzVCDL2NTIxMzEHMQHy4BIoEouAOoXEXTyQjWVAAAAAElFTkSuQmCC)}.markdown-body h2{position:relative;font-size:20px;border-left:4px solid;padding:0 0 0 10px;margin:30px 0}.markdown-body h3{font-size:16px}.markdown-body ul{list-style:disc outside;margin-left:2em;margin-top:1em}.markdown-body li{line-height:2;color:#595959}.markdown-body img.loaded{margin:0 auto;display:block}.markdown-body blockquote{background:#fff9f9;margin:2em 0;padding:2px 20px;border-left:4px solid #b2aec5}.markdown-body blockquote p{color:#666;line-height:2}.markdown-body a{color:#036aca;border-bottom:1px solid rgba(3,106,202,.8);font-weight:400;text-decoration:none}.markdown-body em strong,.markdown-body strong{color:#036aca}.markdown-body hr{border-top:1px solid #135ce0}.markdown-body pre{overflow:auto}.markdown-body code,.markdown-body pre{overflow:auto;position:relative;line-height:1.75;font-family:Menlo,Monaco,Consolas,Courier New,monospace}.markdown-body pre>code{font-size:12px;padding:15px 12px;margin:0;word-break:normal;display:block;overflow-x:auto;color:#333;background:#f8f8f8}.markdown-body code{word-break:break-word;border-radius:2px;overflow-x:auto;background-color:#fff5f5;color:#ff502c;font-size:.87em;padding:.065em .4em}.markdown-body table{border-collapse:collapse;margin:1rem 0;overflow-x:auto}.markdown-body table td,.markdown-body table th{border:1px solid #dfe2e5;padding:.6em 1em}.markdown-body table tr{border-top:1px solid #dfe2e5}.markdown-body table tr:nth-child(2n){background-color:#f6f8fa}</style><style data-highlight=\"\">.markdown-body pre,.markdown-body pre>code.hljs{color:#333;background:#f8f8f8}.hljs-comment,.hljs-quote{color:#998;font-style:italic}.hljs-keyword,.hljs-selector-tag,.hljs-subst{color:#333;font-weight:700}.hljs-literal,.hljs-number,.hljs-tag .hljs-attr,.hljs-template-variable,.hljs-variable{color:teal}.hljs-doctag,.hljs-string{color:#d14}.hljs-section,.hljs-selector-id,.hljs-title{color:#900;font-weight:700}.hljs-subst{font-weight:400}.hljs-class .hljs-title,.hljs-type{color:#458;font-weight:700}.hljs-attribute,.hljs-name,.hljs-tag{color:navy;font-weight:400}.hljs-link,.hljs-regexp{color:#009926}.hljs-bullet,.hljs-symbol{color:#990073}.hljs-built_in,.hljs-builtin-name{color:#0086b3}.hljs-meta{color:#999;font-weight:700}.hljs-deletion{background:#fdd}.hljs-addition{background:#dfd}.hljs-emphasis{font-style:italic}.hljs-strong{font-weight:700}</style><p>在学习设计模式的过程中，我们大多数还是只停留在概念层面，很少有机会能在实际开发中用到，任何一个知识点，如果我们不能达到至少从2个方面去窥探它的话，很难真正去理解它。</p>\n<p>而阅读优秀框架的源码是我们窥探设计模式很好的途径，在Mybatis中用到了大概有9种设计模式：</p>\n<ol>\n<li>Builder模式</li>\n<li>工厂模式</li>\n<li>单例模式</li>\n<li>代理模式</li>\n<li>组合模式</li>\n<li>模板方法模式</li>\n<li>适配器模式</li>\n<li>装饰着模式</li>\n<li>迭代器模式</li></ol>\n<p>对于23种设计模式我们并不需要刻意的记忆，而且很多设计模式的实现原理很像，只不过是名字不一样，并且如果去阅读一些框架的源码的话，可以发现其实框架对很多设计模式的实 现，都并非标准的代码实现，都做了比较多的自我改进。\n实际上，这就是所谓的灵活应用, 只借鉴不照搬, 根据具体问题针对性地去解决。</p>\n<p>软件设计模式犹如剑法一样，当哪天我们真正做到：<strong>手中无剑，心中有剑，人剑合一的境界</strong>，我们才真正理解软件设计。</p></div>', '在学习设计模式的过程中，我们大多数还是只停留在概念层面，很少有机会能在实际开发中用到，任何一个知识点，如果我们不能达到至少从2个方面去窥探它的话，很难真正去理解它。', 'http://localhost:9090/files/1701833847024-微信截图_20231117155458.png', '[\"后端\",\"Java\",\"面试\"]', 4, '2023-11-17', 3, 10);
INSERT INTO `blog` VALUES (24, '小青哥哥哥专属博客', '<p>背景（偷懒）<br/>在小小的公司里面，挖呀挖呀挖。快挖不动了，一件事重复个5次，还在人肉手工，身体和心理就开始不舒服了，并且违背了个人的座右铭：“偷懒”是人类进步的第一推动力。<br/>每次想要去测试环境验证个新功能，又或者被测试无情的催促着部署新版本后；都需要本地打那个200多M的jar包；以龟速般的每秒几十KB网络，通过ftp上传到服务器；用烂熟透的jps命令查找到进程，kill后，重启服务。<br/>是的，我想偷懒，想从已陷入到手工部署的沼泽地里走出来。如何救赎？<br/>自我救赎之路<br/>我的诉求很简单，想要一款“一键CI/CD的工具”，然后可以继续偷懒。为了省事，我做了以下工作<br/>找了一款停止服务的脚本，并做了小小的优化<br/>首推 陈皮大哥的停服脚本（我在里面加了个sleep 5）；脚本见下文。只需要修改 APP_MAINCLASS的变量“XXX-1.0.0.jar”替换为自己jar的名字即可，其它不用动。<br/>该脚本主要是通过jps + jar的名字获得进程号，进行kill。( 脚本很简单，注释也很详细，就不展开了，感兴趣可以阅读下，不到5分钟，写过代码的你能看懂的)<br/><br/>作者：程序员猪佩琪<br/>链接：<a href=\"https://juejin.cn/post/7257440759569055802\" target=\"_blank\">https://juejin.cn/post/7257440759569055802</a><br/>来源：稀土掘金<br/>著作权归作者所有。商业转载请联系作者获得授权，非商业转载请注明出处。<br/></p>', '在小小的公司里面，挖呀挖呀挖。快挖不动了，一件事重复个5次，还在人肉手工，身体和心理就开始不舒服了，并且违背了个人的座右铭：“偷懒”是人类进步的第一推动力。', 'http://localhost:9090/files/1701833847024-微信截图_20231117155458.png', '[\"后端\"]', 4, '2023-11-22', 3, 8);
INSERT INTO `blog` VALUES (25, '“浏览器切换到其他页面或最小化时，倒计时不准确“问题解析', '<div id=\"article-root\" itemprop=\"articleBody\" class=\"article-viewer markdown-body result\" data-v-536a572c=\"\"><style>@charset \"UTF-8\";.markdown-body{line-height:1.75;font-family:-apple-system-font,BlinkMacSystemFont,Helvetica Neue,PingFang SC,Hiragino Sans GB,Microsoft YaHei UI,Microsoft YaHei,Arial,sans-serif;letter-spacing:2px;background-image:linear-gradient(90deg,rgba(50,0,0,.05) 3%,transparent 0),linear-gradient(1turn,rgba(50,0,0,.05) 3%,transparent 0);background-size:20px 20px;background-position:50%;word-break:break-word;font-weight:400;font-size:15px;overflow-x:hidden;color:#333}.markdown-body h1{font-size:23px;margin-bottom:5px;font-weight:700;padding-left:10px;border-left:5px solid #773098}.markdown-body h2{font-size:19px;font-weight:700;padding-left:10px;border-left:5px solid #916dd5}.markdown-body h3{font-size:17px;font-weight:700;padding-left:10px;border-left:5px solid #d89cf6}.markdown-body h4{font-size:16px}.markdown-body h5{font-size:15px}.markdown-body h6{font-size:14px;margin-top:5px}.markdown-body p{line-height:inherit;margin-top:22px;margin-bottom:22px}.markdown-body img{display:block;max-width:100%;margin:1em 0;border-radius:6px;box-shadow:2px 4px 7px #999;user-select:none}.markdown-body hr{border:none;border-top:1px solid #ddd;margin-top:32px;margin-bottom:32px}.markdown-body code{padding:.2em .5em;font-weight:700;font-family:-apple-system-font,BlinkMacSystemFont,Helvetica Neue,PingFang SC,Hiragino Sans GB,Microsoft YaHei UI,Microsoft YaHei,Arial,sans-serif;font-size:1em;color:#916dd5;word-break:break-word;overflow-x:auto;background-color:none;border-radius:2px}.markdown-body pre{overflow:auto;position:relative;line-height:1.75}.markdown-body pre>code{display:block;font-family:-apple-system-font,BlinkMacSystemFont,Helvetica Neue,PingFang SC,Hiragino Sans GB,Microsoft YaHei UI,Microsoft YaHei,Arial,sans-serif;font-weight:400;font-size:.9em;padding:16px 12px;margin:0;color:#333;word-break:normal;overflow-x:auto;background:#f8f8f8;scroll-behavior:smooth}.markdown-body a{text-decoration:none;color:#916dd5;font-weight:700;border-bottom:1px solid #916dd5}.markdown-body a:active,.markdown-body a:hover{color:#773098}.markdown-body table{display:inline-block!important;font-size:14px;width:auto;max-width:100%;overflow:auto;border:1px solid #916dd5;border-collapse:collapse}.markdown-body thead{background-color:#916dd5;color:#fff;text-align:left}.markdown-body td,.markdown-body th{padding:12px 7px;line-height:24px;border:1px solid #916dd5}.markdown-body td{min-width:120px}.markdown-body blockquote{color:#666;padding:1px 23px;margin:22px 0;border-left:4px solid #d89cf6;background-color:#f4eeff}.markdown-body blockquote:after{display:block;content:\"\"}.markdown-body blockquote>p{margin:10px 0;line-height:26px}.markdown-body ol,.markdown-body ul{padding-left:28px;list-style-type:circle}.markdown-body ol li,.markdown-body ul li{margin-bottom:0;list-style:inherit}.markdown-body ol li .task-list-item,.markdown-body ul li .task-list-item{list-style:none}.markdown-body ol li .task-list-item ol,.markdown-body ol li .task-list-item ul,.markdown-body ul li .task-list-item ol,.markdown-body ul li .task-list-item ul{margin-top:0}.markdown-body ol ol,.markdown-body ol ul,.markdown-body ul ol,.markdown-body ul ul{margin-top:3px}.markdown-body ol li{padding-left:6px}.markdown-body b,.markdown-body strong{color:#916dd5;font-weight:700}.markdown-body b:before,.markdown-body strong:before{content:\"「\"}.markdown-body b:after,.markdown-body strong:after{content:\"」\"}.markdown-body em,.markdown-body i{color:#916dd5}@media (max-width:720px){.markdown-body h1{font-size:24px}.markdown-body h2{font-size:20px}.markdown-body h3{font-size:18px}}</style><style data-highlight=\"\" data-highlight-key=\"an-old-hope\">.hljs-comment,.hljs-quote{color:#b6b18b}.hljs-deletion,.hljs-name,.hljs-regexp,.hljs-selector-class,.hljs-selector-id,.hljs-tag,.hljs-template-variable,.hljs-variable{color:#eb3c54}.hljs-built_in,.hljs-builtin-name,.hljs-link,.hljs-literal,.hljs-meta,.hljs-number,.hljs-params,.hljs-type{color:#e7ce56}.hljs-attribute{color:#ee7c2b}.hljs-addition,.hljs-bullet,.hljs-string,.hljs-symbol{color:#4fb4d7}.hljs-section,.hljs-title{color:#78bb65}.hljs-keyword,.hljs-selector-tag{color:#b45ea4}.markdown-body pre,.markdown-body pre>code.hljs{background:#1c1d21;color:#c0c5ce}.hljs-emphasis{font-style:italic}.hljs-strong{font-weight:700}</style><h1 data-id=\"heading-0\">背景</h1>\r\n<p>我最近修复了一个倒计时延迟的bug，情况是用户10:00设置了10分钟倒计时，10:06查看时发现倒计时还有8分钟，倒计时出不准确、延迟的情况。</p>\r\n<p>倒计时大概逻辑如下:</p>\r\n<pre><div class=\"code-block-extension-header\" style=\"background-color: rgb(28, 29, 33);\"><div class=\"code-block-extension-headerLeft\"><div class=\"code-block-extension-foldBtn\"><svg xmlns=\"http://www.w3.org/2000/svg\" viewBox=\"0 0 24 24\"><path d=\"M16.924 9.617A1 1 0 0 0 16 9H8a1 1 0 0 0-.707 1.707l4 4a1 1 0 0 0 1.414 0l4-4a1 1 0 0 0 .217-1.09z\" data-name=\"Down\"></path></svg></div></div><div class=\"code-block-extension-headerRight\"><span class=\"code-block-extension-lang\">js</span><div class=\"code-block-extension-copyCodeBtn\">复制代码</div></div></div><code class=\"hljs language-js code-block-extension-codeShowNum\" lang=\"js\"><span class=\"code-block-extension-codeLine\" data-line-num=\"1\"><span class=\"hljs-keyword\">const</span> leftTime = <span class=\"hljs-number\">600</span>; <span class=\"hljs-comment\">//单位为秒</span></span>\r\n<span class=\"code-block-extension-codeLine\" data-line-num=\"2\"><span class=\"hljs-keyword\">const</span> timer = <span class=\"hljs-built_in\">setInterval</span>(<span class=\"hljs-function\">() =&gt;</span> {</span>\r\n<span class=\"code-block-extension-codeLine\" data-line-num=\"3\">  leftTime -= <span class=\"hljs-number\">1</span>;</span>\r\n<span class=\"code-block-extension-codeLine\" data-line-num=\"4\">  <span class=\"hljs-keyword\">if</span>(leftTime === <span class=\"hljs-number\">0</span>) {</span>\r\n<span class=\"code-block-extension-codeLine\" data-line-num=\"5\">    <span class=\"hljs-built_in\">clearInterval</span>(timer);</span>\r\n<span class=\"code-block-extension-codeLine\" data-line-num=\"6\">  }</span>\r\n<span class=\"code-block-extension-codeLine\" data-line-num=\"7\">}, <span class=\"hljs-number\">1000</span>);</span>\r\n</code></pre>\r\n<p>通过排查是<strong>浏览器的优化策略</strong>导致的。</p>\r\n<p>为什么浏览器优化策略会造成定时器不准时？又该怎么解决这个问题？本文会围绕这两个问题展开说明！</p>\r\n<h1 data-id=\"heading-1\">浏览器优化策略对定时器的影响</h1>\r\n<p><strong>浏览器的优化策略</strong>是指浏览器为了提高性能和节省资源而对特定任务进行的优化。在后台标签页中，浏览器可能会对一些任务进行节流或延迟执行，以减少CPU和电池的消耗。</p>\r\n<p>而定时器<code>setInterval</code>和<code>setTimeout</code>就是受浏览器优化策略的影响，导致定时器的执行时间间隔被延长。所以在浏览器切换到其他页面或者最小化时，当前页面的定时器可能不会按照预期的时间间隔准时执行。</p>\r\n<p>我们实验一下：设置一个定时器，每500ms在控制台输出当前时间；然后再监听该标签页的<code>visibilitychange</code>事件，当其选项卡的内容变得可见或被隐藏时，会触发该事件。</p>\r\n<pre><div class=\"code-block-extension-header\" style=\"background-color: rgb(28, 29, 33);\"><div class=\"code-block-extension-headerLeft\"><div class=\"code-block-extension-foldBtn\"><svg xmlns=\"http://www.w3.org/2000/svg\" viewBox=\"0 0 24 24\"><path d=\"M16.924 9.617A1 1 0 0 0 16 9H8a1 1 0 0 0-.707 1.707l4 4a1 1 0 0 0 1.414 0l4-4a1 1 0 0 0 .217-1.09z\" data-name=\"Down\"></path></svg></div></div><div class=\"code-block-extension-headerRight\"><span class=\"code-block-extension-lang\">js</span><div class=\"code-block-extension-copyCodeBtn\">复制代码</div></div></div><code class=\"hljs language-js code-block-extension-codeShowNum\" lang=\"js\"><span class=\"code-block-extension-codeLine\" data-line-num=\"1\"><span class=\"hljs-comment\">// 设置定时器</span></span>\r\n<span class=\"code-block-extension-codeLine\" data-line-num=\"2\"><span class=\"hljs-keyword\">const</span> leftTime = <span class=\"hljs-number\">600</span>;  <span class=\"hljs-comment\">// 倒计时剩余时间</span></span>\r\n<span class=\"code-block-extension-codeLine\" data-line-num=\"3\"><span class=\"hljs-built_in\">setInterval</span>(<span class=\"hljs-function\">() =&gt;</span> {</span>\r\n<span class=\"code-block-extension-codeLine\" data-line-num=\"4\">  <span class=\"hljs-keyword\">const</span> date = <span class=\"hljs-keyword\">new</span> <span class=\"hljs-title class_\">Date</span>();</span>\r\n<span class=\"code-block-extension-codeLine\" data-line-num=\"5\">  leftTime.<span class=\"hljs-property\">value</span> -= <span class=\"hljs-number\">1</span>;</span>\r\n<span class=\"code-block-extension-codeLine\" data-line-num=\"6\">  <span class=\"hljs-variable language_\">console</span>.<span class=\"hljs-title function_\">log</span>(<span class=\"hljs-string\">`倒计时剩余秒数：<span class=\"hljs-subst\">${ leftTime.value }</span>`</span>, <span class=\"hljs-string\">`当前时间秒数：<span class=\"hljs-subst\">${ date.getSeconds() }</span>`</span>);</span>\r\n<span class=\"code-block-extension-codeLine\" data-line-num=\"7\">        }, <span class=\"hljs-number\">1000</span>);</span>\r\n<span class=\"code-block-extension-codeLine\" data-line-num=\"8\"><span class=\"hljs-comment\">// 通过监听 visibilitychange 事件来判别该页面是否可见</span></span>\r\n<span class=\"code-block-extension-codeLine\" data-line-num=\"9\"><span class=\"hljs-variable language_\">document</span>.<span class=\"hljs-title function_\">addEventListener</span>(<span class=\"hljs-string\">\'visibilitychange\'</span>, <span class=\"hljs-keyword\">function</span> (<span class=\"hljs-params\"></span>) {</span>\r\n<span class=\"code-block-extension-codeLine\" data-line-num=\"10\">  <span class=\"hljs-keyword\">if</span>(<span class=\"hljs-variable language_\">document</span>.<span class=\"hljs-property\">hidden</span>) {</span>\r\n<span class=\"code-block-extension-codeLine\" data-line-num=\"11\">    <span class=\"hljs-variable language_\">console</span>.<span class=\"hljs-title function_\">log</span>(<span class=\"hljs-string\">\'页面不可见\'</span>)</span>\r\n<span class=\"code-block-extension-codeLine\" data-line-num=\"12\">  }</span>\r\n<span class=\"code-block-extension-codeLine\" data-line-num=\"13\">})</span>\r\n</code></pre>\r\n<p>执行结果如下：</p>\r\n<p><img src=\"https://p9-juejin.byteimg.com/tos-cn-i-k3u1fbpfcp/d650ff3b89df4932988dc29f9866bcc9~tplv-k3u1fbpfcp-jj-mark:3024:0:0:0:q75.awebp#?w=306&amp;h=754&amp;s=33585&amp;e=png&amp;b=ffffff\" alt=\"image.png\" loading=\"lazy\" class=\"medium-zoom-image\"></p>\r\n<p>我们观察执行结果会发现，在标签页处于不可见状态后，<code>setInterval</code>从1000ms的时间间隔延长成了2000ms。</p>\r\n<p>由此可见，当浏览器切换其他页面或者最小化时，倒计时的误差就出现了，<code>setInterval</code>定时器也不会在1000ms后减去1。对于时间较长的倒计时来说，误差会更大。</p>\r\n<h1 data-id=\"heading-2\">解决思路</h1>\r\n<p>既然浏览器的定时器有问题，那我们就不依赖定时器去计算剩余时间。</p>\r\n<p>我们可以在用户配置倒计时后，立即计算出结束时间并保存，随后通过结束时间减去本地时间就得出了剩余时间，而且不会受定时器延迟的影响。将最上面提及到的倒计时伪代码修改如下：</p>\r\n<pre><div class=\"code-block-extension-header\" style=\"background-color: rgb(28, 29, 33);\"><div class=\"code-block-extension-headerLeft\"><div class=\"code-block-extension-foldBtn\"><svg xmlns=\"http://www.w3.org/2000/svg\" viewBox=\"0 0 24 24\"><path d=\"M16.924 9.617A1 1 0 0 0 16 9H8a1 1 0 0 0-.707 1.707l4 4a1 1 0 0 0 1.414 0l4-4a1 1 0 0 0 .217-1.09z\" data-name=\"Down\"></path></svg></div></div><div class=\"code-block-extension-headerRight\"><span class=\"code-block-extension-lang\">js</span><div class=\"code-block-extension-copyCodeBtn\">复制代码</div></div></div><code class=\"hljs language-js code-block-extension-codeShowNum\" lang=\"js\"><span class=\"code-block-extension-codeLine\" data-line-num=\"1\"><span class=\"hljs-comment\">// ......</span></span>\r\n<span class=\"code-block-extension-codeLine\" data-line-num=\"2\"><span class=\"hljs-keyword\">const</span> leftTime = <span class=\"hljs-number\">600</span> * <span class=\"hljs-number\">1000</span></span>\r\n<span class=\"code-block-extension-codeLine\" data-line-num=\"3\"><span class=\"hljs-keyword\">const</span> endTime = <span class=\"hljs-title class_\">Date</span>.<span class=\"hljs-title function_\">now</span>() + leftTime;  <span class=\"hljs-comment\">// 倒计时结束时间</span></span>\r\n<span class=\"code-block-extension-codeLine\" data-line-num=\"4\"><span class=\"hljs-built_in\">setInterval</span>(<span class=\"hljs-function\">() =&gt;</span> {</span>\r\n<span class=\"code-block-extension-codeLine\" data-line-num=\"5\">  <span class=\"hljs-keyword\">const</span> date = <span class=\"hljs-keyword\">new</span> <span class=\"hljs-title class_\">Date</span>();</span>\r\n<span class=\"code-block-extension-codeLine\" data-line-num=\"6\">  leftTime = <span class=\"hljs-title class_\">Math</span>.<span class=\"hljs-title function_\">round</span>((endTime - <span class=\"hljs-title class_\">Date</span>.<span class=\"hljs-title function_\">now</span>()) / <span class=\"hljs-number\">1000</span>);</span>\r\n<span class=\"code-block-extension-codeLine\" data-line-num=\"7\">  <span class=\"hljs-variable language_\">console</span>.<span class=\"hljs-title function_\">log</span>(<span class=\"hljs-string\">`倒计时剩余秒数：<span class=\"hljs-subst\">${ leftTime }</span>`</span>, <span class=\"hljs-string\">`当前时间秒数：<span class=\"hljs-subst\">${ date.getSeconds() }</span>`</span>);</span>\r\n<span class=\"code-block-extension-codeLine\" data-line-num=\"8\">  <span class=\"hljs-keyword\">if</span>(leftTime &lt;= <span class=\"hljs-number\">0</span>) {</span>\r\n<span class=\"code-block-extension-codeLine\" data-line-num=\"9\">    <span class=\"hljs-built_in\">clearInterval</span>(timer);</span>\r\n<span class=\"code-block-extension-codeLine\" data-line-num=\"10\">  }</span>\r\n<span class=\"code-block-extension-codeLine\" data-line-num=\"11\">}, <span class=\"hljs-number\">1000</span>)</span>\r\n</code></pre>\r\n<p>根据以上代码进行计算，即使标签页不处于可见状态，<code>setInterval</code>延迟执行，对<code>leftTime</code>也没有影响。\r\n执行结果如下（标签页处于不可见状态时）：\r\n<img src=\"https://p3-juejin.byteimg.com/tos-cn-i-k3u1fbpfcp/4435293965664764967595cc773b0ec6~tplv-k3u1fbpfcp-jj-mark:3024:0:0:0:q75.awebp#?w=274&amp;h=49&amp;s=2562&amp;e=png&amp;b=ffffff\" alt=\"image.png\" loading=\"lazy\" class=\"medium-zoom-image\"></p>\r\n<h1 data-id=\"heading-3\">题外话</h1>\r\n<h2 data-id=\"heading-4\">用 setTimeout 实现 setInterval</h2>\r\n<p>实现思路是<code>setTimeout</code>的递归调用。以上面的举例代码为例作修改：</p>\r\n<pre><div class=\"code-block-extension-header\" style=\"background-color: rgb(28, 29, 33);\"><div class=\"code-block-extension-headerLeft\"><div class=\"code-block-extension-foldBtn\"><svg xmlns=\"http://www.w3.org/2000/svg\" viewBox=\"0 0 24 24\"><path d=\"M16.924 9.617A1 1 0 0 0 16 9H8a1 1 0 0 0-.707 1.707l4 4a1 1 0 0 0 1.414 0l4-4a1 1 0 0 0 .217-1.09z\" data-name=\"Down\"></path></svg></div></div><div class=\"code-block-extension-headerRight\"><span class=\"code-block-extension-lang\">js</span><div class=\"code-block-extension-copyCodeBtn\">复制代码</div></div></div><code class=\"hljs language-js code-block-extension-codeShowNum\" lang=\"js\"><span class=\"code-block-extension-codeLine\" data-line-num=\"1\"><span class=\"hljs-keyword\">const</span> leftTime = <span class=\"hljs-number\">600</span> * <span class=\"hljs-number\">1000</span>;</span>\r\n<span class=\"code-block-extension-codeLine\" data-line-num=\"2\"><span class=\"hljs-keyword\">const</span> endTime = <span class=\"hljs-title class_\">Date</span>.<span class=\"hljs-title function_\">now</span>() + leftTime;  <span class=\"hljs-comment\">// 倒计时结束时间</span></span>\r\n<span class=\"code-block-extension-codeLine\" data-line-num=\"3\"><span class=\"hljs-keyword\">function</span> <span class=\"hljs-title function_\">setTimer</span>(<span class=\"hljs-params\"></span>) {</span>\r\n<span class=\"code-block-extension-codeLine\" data-line-num=\"4\">  leftTime = <span class=\"hljs-title class_\">Math</span>.<span class=\"hljs-title function_\">round</span>((endTime - <span class=\"hljs-title class_\">Date</span>.<span class=\"hljs-title function_\">now</span>()) / <span class=\"hljs-number\">1000</span>);</span>\r\n<span class=\"code-block-extension-codeLine\" data-line-num=\"5\">  <span class=\"hljs-keyword\">if</span> ( leftTime &lt;= <span class=\"hljs-number\">0</span> ) {</span>\r\n<span class=\"code-block-extension-codeLine\" data-line-num=\"6\">    endTime = <span class=\"hljs-number\">0</span>;</span>\r\n<span class=\"code-block-extension-codeLine\" data-line-num=\"7\">    leftTime = <span class=\"hljs-number\">0</span>;</span>\r\n<span class=\"code-block-extension-codeLine\" data-line-num=\"8\">  } <span class=\"hljs-keyword\">else</span> {</span>\r\n<span class=\"code-block-extension-codeLine\" data-line-num=\"9\">    <span class=\"hljs-built_in\">setTimeout</span>(setTimer, <span class=\"hljs-number\">1000</span>);</span>\r\n<span class=\"code-block-extension-codeLine\" data-line-num=\"10\">  }</span>\r\n<span class=\"code-block-extension-codeLine\" data-line-num=\"11\">}</span>\r\n</code></pre>\r\n<p>本次分享就到这，希望可以帮助到有同样困扰的小伙伴哦~</p></div>', '在小小的公司里面，挖呀挖呀挖。快挖不动了，一件事重复个5次，还在人肉手工，身体和心理就开始不舒服了，并且违背了个人的座右铭：“偷懒”是人类进步的第一推动力。', 'http://localhost:9090/files/1701833847024-微信截图_20231117155458.png', '[\"后端\",\"Java\",\"面试\"]', 4, '2023-11-22', 6, 5);
INSERT INTO `blog` VALUES (26, '这是我自己写的博客，我看看效果', '<h1 id=\"cvb6b\">后端简介</h1><p><br/></p><p>这是我的后端简介这<i><font color=\"#f9963b\">是我的后端简介这是我</font></i>的后端简介这是我的后端简介这是我的后端简介这是我的后端简介这是我的后端简介这是我的后<span style=\"background-color: rgb(77, 128, 191);\"><font color=\"#ffffff\">端简介这是我的后端简介</font></span>这是我的后端简介这是我的后端简介这是我的后端简介这是我的后端简介</p><p><br/></p><h1 id=\"39tvj\">前端简介</h1><p><br/></p><p>这是前端简介这是前端简介这是前端简介这是前端简介这是前端简介这是前端简介这是前端简介这是前端简介这是前端简介这是前端简介这是前端简介这是前端简介这是前端简介</p><p><br/></p><p><img src=\"http://localhost:9090/files/1702000509266-微信截图_20231117155458.png\" style=\"max-width:100%;\" contenteditable=\"false\"/></p><p><br/></p><blockquote><p>这是我引用的内容这是我引用的内容这是我引用的内容这是我引用的内容这是我引用的内容这是我引用的内容这是我引用的内容这是我引用的内容这是我引用的内容这是我引用的内容这是我引用的内容</p></blockquote><p><br/></p><p><br/></p><pre><code class=\"Java\"><span class=\"hljs-keyword\">class</span> <span class=\"hljs-title\">Hello</span> {\n\n   <span class=\"hljs-function\">pblic stativ <span class=\"hljs-keyword\">void</span> <span class=\"hljs-title\">main</span>()</span> {\n \n   }\n}</code></pre>', '这是我自己写的博客，我看看效果', 'http://localhost:9090/files/1702000456195-微信截图_20231117155415.png', '[\"后端\",\"Java\"]', 4, '2023-12-08', 60, 1);
INSERT INTO `blog` VALUES (28, '我发表了一个新博客', '<h2 id=\"trhmn\">我发表了一个新博客</h2><p><br/></p><p>这是我发表的新的博客</p><p><br/></p><p><img src=\"http://localhost:9090/files/1702369607920-博客.png\" style=\"max-width:100%;\" contenteditable=\"false\"/></p>', '我发表了一个新博客我发表了一个新博客', 'http://localhost:9090/files/1702369587270-微信截图_20231117155415.png', '[\"程序员\",\"小白\"]', 5, '2023-12-12', 5, 5);
INSERT INTO `blog` VALUES (29, '我是新人 我发布了第一篇博客', '<h2 id=\"vutc8\">我是新人 我发布了第一篇博客</h2><p><br/></p><p><img src=\"http://localhost:9090/files/1702376651852-boy.png\" style=\"max-width:100%;\" contenteditable=\"false\"/></p>', '我是新人 我发布了第一篇博客', 'http://localhost:9090/files/1702376630978-微信截图_20231018172208.png', '[\"后端\",\"小白\"]', 12, '2023-12-12', 7, 9);

-- ----------------------------
-- Table structure for category
-- ----------------------------
DROP TABLE IF EXISTS `category`;
CREATE TABLE `category`  (
  `id` int NOT NULL AUTO_INCREMENT COMMENT 'ID',
  `name` varchar(255) CHARACTER SET utf8mb4 COLLATE utf8mb4_unicode_ci NULL DEFAULT NULL COMMENT '分类名称',
  PRIMARY KEY (`id`) USING BTREE
) ENGINE = InnoDB AUTO_INCREMENT = 11 CHARACTER SET = utf8mb4 COLLATE = utf8mb4_unicode_ci COMMENT = '博客分类' ROW_FORMAT = DYNAMIC;

-- ----------------------------
-- Records of category
-- ----------------------------
INSERT INTO `category` VALUES (1, '后端');
INSERT INTO `category` VALUES (2, '前端');
INSERT INTO `category` VALUES (4, '大数据');
INSERT INTO `category` VALUES (5, '代码人生');
INSERT INTO `category` VALUES (6, '算法');
INSERT INTO `category` VALUES (7, '人工智能');
INSERT INTO `category` VALUES (8, '开发工具');
INSERT INTO `category` VALUES (9, '职场经验');
INSERT INTO `category` VALUES (10, '面试');

-- ----------------------------
-- Table structure for collect
-- ----------------------------
DROP TABLE IF EXISTS `collect`;
CREATE TABLE `collect`  (
  `id` int NOT NULL AUTO_INCREMENT COMMENT 'ID',
  `fid` int NULL DEFAULT NULL COMMENT '关联ID',
  `user_id` int NULL DEFAULT NULL COMMENT '点赞人ID',
  `module` varchar(255) CHARACTER SET utf8mb4 COLLATE utf8mb4_unicode_ci NULL DEFAULT NULL COMMENT '模块',
  PRIMARY KEY (`id`) USING BTREE
) ENGINE = InnoDB AUTO_INCREMENT = 50 CHARACTER SET = utf8mb4 COLLATE = utf8mb4_unicode_ci COMMENT = '收藏' ROW_FORMAT = DYNAMIC;

-- ----------------------------
-- Records of collect
-- ----------------------------
INSERT INTO `collect` VALUES (26, 26, 5, '博客');
INSERT INTO `collect` VALUES (31, 26, 4, '博客');
INSERT INTO `collect` VALUES (42, 9, 4, '活动');
INSERT INTO `collect` VALUES (43, 28, 5, '博客');
INSERT INTO `collect` VALUES (44, 4, 5, '博客');
INSERT INTO `collect` VALUES (45, 10, 5, '活动');
INSERT INTO `collect` VALUES (46, 5, 5, '活动');
INSERT INTO `collect` VALUES (47, 9, 5, '活动');
INSERT INTO `collect` VALUES (48, 29, 12, '博客');
INSERT INTO `collect` VALUES (49, 8, 12, '活动');

-- ----------------------------
-- Table structure for comment
-- ----------------------------
DROP TABLE IF EXISTS `comment`;
CREATE TABLE `comment`  (
  `id` int NOT NULL AUTO_INCREMENT COMMENT 'ID',
  `content` varchar(500) CHARACTER SET utf8mb4 COLLATE utf8mb4_unicode_ci NULL DEFAULT NULL COMMENT '内容',
  `user_id` int NULL DEFAULT NULL COMMENT '评论人',
  `pid` int NULL DEFAULT NULL COMMENT '父级ID',
  `root_id` int NULL DEFAULT NULL COMMENT '根节点ID',
  `time` varchar(255) CHARACTER SET utf8mb4 COLLATE utf8mb4_unicode_ci NULL DEFAULT NULL COMMENT '评论时间',
  `fid` int NULL DEFAULT NULL COMMENT '关联ID',
  `module` varchar(255) CHARACTER SET utf8mb4 COLLATE utf8mb4_unicode_ci NULL DEFAULT NULL COMMENT '模块',
  PRIMARY KEY (`id`) USING BTREE
) ENGINE = InnoDB AUTO_INCREMENT = 28 CHARACTER SET = utf8mb4 COLLATE = utf8mb4_unicode_ci COMMENT = '评论表' ROW_FORMAT = DYNAMIC;

-- ----------------------------
-- Records of comment
-- ----------------------------
INSERT INTO `comment` VALUES (1, '因为这个文章，我翻译了一半的双子报告的文章删除了。', 5, NULL, 1, '2023-12-11 10:17:57', 26, '博客');
INSERT INTO `comment` VALUES (2, '外行看笑话，内行笑死了', 5, NULL, 2, '2023-12-11 10:17:57', 26, '博客');
INSERT INTO `comment` VALUES (3, '小老弟对 微创新 和 AI都有所误解啊', 5, NULL, 3, '2023-12-11 10:19:06', 25, '博客');
INSERT INTO `comment` VALUES (4, '怎么做才能像你一样优秀？真让人头疼', 5, NULL, 4, '2023-12-11 10:19:54', 25, '博客');
INSERT INTO `comment` VALUES (5, '不要加班，充足睡眠 💤', 5, NULL, 5, '2023-12-11 10:31:53', 26, '博客');
INSERT INTO `comment` VALUES (6, '这是回复的内容111', 4, 5, 5, '2023-12-11 10:31:53', 26, '博客');
INSERT INTO `comment` VALUES (7, '周末不用刻意补觉 🚫', 5, NULL, 7, '2023-12-11 10:59:29', 26, '博客');
INSERT INTO `comment` VALUES (8, '这是回复的内容222', 5, 6, 5, '2023-12-11 10:31:53', 26, '博客');
INSERT INTO `comment` VALUES (9, '只要对工资要求低一点, 也不是不能做到', 5, NULL, 9, '2023-12-11 11:42:51', 26, '博客');
INSERT INTO `comment` VALUES (10, '要求低一点 回复内容', 5, 9, 9, '2023-12-11 11:48:48', 26, '博客');
INSERT INTO `comment` VALUES (11, '周末不用刻意补觉   回复内容', 5, 7, 7, '2023-12-11 11:51:07', 26, '博客');
INSERT INTO `comment` VALUES (12, '111', 5, 9, 9, '2023-12-11 11:58:25', 26, '博客');
INSERT INTO `comment` VALUES (13, '111 的回复', 5, 12, 9, '2023-12-11 12:00:19', 26, '博客');
INSERT INTO `comment` VALUES (14, '小青哥哥 我来回复你啦', 5, 6, 5, '2023-12-11 12:00:44', 26, '博客');
INSERT INTO `comment` VALUES (17, '大萨达萨达的', 5, 16, 16, '2023-12-11 12:10:56', 26, '博客');
INSERT INTO `comment` VALUES (18, '大萨达萨达', 5, 17, 16, '2023-12-11 12:11:00', 26, '博客');
INSERT INTO `comment` VALUES (24, '我来评论一下', 12, NULL, 24, '2023-12-12 18:24:32', 29, '博客');
INSERT INTO `comment` VALUES (25, '哈哈哈哈', 12, 24, 24, '2023-12-12 18:24:37', 29, '博客');
INSERT INTO `comment` VALUES (26, '我来了  我是小白白', 12, NULL, 26, '2023-12-12 18:25:33', 8, '活动');
INSERT INTO `comment` VALUES (27, '111', 12, 26, 26, '2023-12-12 18:25:37', 8, '活动');
INSERT INTO `comment` VALUES (28, '你好呀\n', 11, 25, 24, '2024-07-29 10:17:30', 29, '博客');
INSERT INTO `comment` VALUES (29, '你好', NULL, 4, 4, '2024-07-30 23:35:59', 25, '博客');
INSERT INTO `comment` VALUES (30, '再见', NULL, 29, 4, '2024-07-30 23:36:06', 25, '博客');

-- ----------------------------
-- Table structure for internal_referral
-- ----------------------------
DROP TABLE IF EXISTS `internal_referral`;
CREATE TABLE `internal_referral`  (
  `id` int UNSIGNED NOT NULL AUTO_INCREMENT COMMENT '内推id',
  `title` varchar(255) CHARACTER SET utf8mb4 COLLATE utf8mb4_0900_ai_ci NULL DEFAULT NULL COMMENT '内推标题',
  `content` varchar(255) CHARACTER SET utf8mb4 COLLATE utf8mb4_0900_ai_ci NULL DEFAULT NULL COMMENT '内推内容',
  `descr` varchar(255) CHARACTER SET utf8mb4 COLLATE utf8mb4_0900_ai_ci NULL DEFAULT NULL,
  `cover` varchar(255) CHARACTER SET utf8mb4 COLLATE utf8mb4_0900_ai_ci NULL DEFAULT NULL,
  `ir_code` varchar(255) CHARACTER SET utf8mb4 COLLATE utf8mb4_0900_ai_ci NULL DEFAULT NULL,
  `contact` varchar(255) CHARACTER SET utf8mb4 COLLATE utf8mb4_0900_ai_ci NULL DEFAULT NULL,
  `read_count` int(10) UNSIGNED ZEROFILL NOT NULL COMMENT '内推阅读量',
  `start` date NULL DEFAULT NULL,
  `end` date NULL DEFAULT NULL,
  PRIMARY KEY (`id`) USING BTREE
) ENGINE = InnoDB CHARACTER SET = utf8mb4 COLLATE = utf8mb4_0900_ai_ci ROW_FORMAT = DYNAMIC;

-- ----------------------------
-- Records of internal_referral
-- ----------------------------
INSERT INTO `internal_referral` VALUES (1, '华为内推', '<p>今天我们向哈工大学子给出内推名额</p>', '1231', 'http://localhost:9090/files/1722353570132-Y)I)3M57B)89(C$WPMA3Z}X.jpg', 'qwe', 'qweqwe', 0000000050, '2024-07-11', '2024-08-09');
INSERT INTO `internal_referral` VALUES (2, '腾讯内推', '<p>今天我们向哈工大学子给出内推民歌</p>', 'eqweq', '', 'qweq', 'qweq', 0000000046, '2024-07-24', '2024-07-18');
INSERT INTO `internal_referral` VALUES (3, '阿里内推', '<p>今天我们向哈工大学子给出内推名额，请踊跃报名</p>', 'q', '', 'wqe', '1312qweq', 0000000035, '2024-07-30', '2024-07-31');
INSERT INTO `internal_referral` VALUES (7, '牛魔内推', '<p>别看</p>', '你看牛魔', NULL, 'sb250', 'nmsl@wdnmn.com', 0000000000, '2024-07-31', '2025-07-31');

-- ----------------------------
-- Table structure for likes
-- ----------------------------
DROP TABLE IF EXISTS `likes`;
CREATE TABLE `likes`  (
  `id` int NOT NULL AUTO_INCREMENT COMMENT 'ID',
  `fid` int NULL DEFAULT NULL COMMENT '关联ID',
  `user_id` int NULL DEFAULT NULL COMMENT '点赞人ID',
  `module` varchar(255) CHARACTER SET utf8mb4 COLLATE utf8mb4_unicode_ci NULL DEFAULT NULL COMMENT '模块',
  PRIMARY KEY (`id`) USING BTREE
) ENGINE = InnoDB AUTO_INCREMENT = 62 CHARACTER SET = utf8mb4 COLLATE = utf8mb4_unicode_ci COMMENT = '点赞' ROW_FORMAT = DYNAMIC;

-- ----------------------------
-- Records of likes
-- ----------------------------
INSERT INTO `likes` VALUES (25, 3, 5, '博客');
INSERT INTO `likes` VALUES (26, 4, 5, '博客');
INSERT INTO `likes` VALUES (27, 26, 5, '博客');
INSERT INTO `likes` VALUES (30, 25, 4, '博客');
INSERT INTO `likes` VALUES (31, 3, 4, '博客');
INSERT INTO `likes` VALUES (33, 26, 1, '博客');
INSERT INTO `likes` VALUES (41, 26, 4, '博客');
INSERT INTO `likes` VALUES (53, 9, 4, '活动');
INSERT INTO `likes` VALUES (55, 28, 5, '博客');
INSERT INTO `likes` VALUES (56, 8, 5, '活动');
INSERT INTO `likes` VALUES (59, 9, 5, '活动');
INSERT INTO `likes` VALUES (60, 29, 12, '博客');
INSERT INTO `likes` VALUES (61, 8, 12, '活动');

-- ----------------------------
-- Table structure for notice
-- ----------------------------
DROP TABLE IF EXISTS `notice`;
CREATE TABLE `notice`  (
  `id` int NOT NULL AUTO_INCREMENT COMMENT 'ID',
  `title` varchar(255) CHARACTER SET utf8mb4 COLLATE utf8mb4_unicode_ci NULL DEFAULT NULL COMMENT '标题',
  `content` varchar(255) CHARACTER SET utf8mb4 COLLATE utf8mb4_unicode_ci NULL DEFAULT NULL COMMENT '内容',
  `time` varchar(255) CHARACTER SET utf8mb4 COLLATE utf8mb4_unicode_ci NULL DEFAULT NULL COMMENT '创建时间',
  `user` varchar(255) CHARACTER SET utf8mb4 COLLATE utf8mb4_unicode_ci NULL DEFAULT NULL COMMENT '创建人',
  PRIMARY KEY (`id`) USING BTREE
) ENGINE = InnoDB AUTO_INCREMENT = 4 CHARACTER SET = utf8mb4 COLLATE = utf8mb4_unicode_ci COMMENT = '公告信息表' ROW_FORMAT = DYNAMIC;

-- ----------------------------
-- Records of notice
-- ----------------------------
INSERT INTO `notice` VALUES (1, '今天系统正式上线，开始内测', '今天系统正式上线，开始内测', '2023-09-05', 'admin');
INSERT INTO `notice` VALUES (2, '所有功能都已完成，可以正常使用', '所有功能都已完成，可以正常使用', '2023-09-05', 'admin');

-- ----------------------------
-- Table structure for user
-- ----------------------------
DROP TABLE IF EXISTS `user`;
CREATE TABLE `user`  (
  `id` int NOT NULL AUTO_INCREMENT COMMENT 'ID',
  `username` varchar(255) CHARACTER SET utf8mb4 COLLATE utf8mb4_unicode_ci NULL DEFAULT NULL COMMENT '用户名',
  `salt` varchar(255) CHARACTER SET utf8mb4 COLLATE utf8mb4_unicode_ci NULL DEFAULT NULL,
  `password` varchar(255) CHARACTER SET utf8mb4 COLLATE utf8mb4_unicode_ci NULL DEFAULT NULL COMMENT '密码',
  `name` varchar(255) CHARACTER SET utf8mb4 COLLATE utf8mb4_unicode_ci NULL DEFAULT NULL COMMENT '姓名',
  `avatar` varchar(255) CHARACTER SET utf8mb4 COLLATE utf8mb4_unicode_ci NULL DEFAULT NULL COMMENT '头像',
  `role` varchar(255) CHARACTER SET utf8mb4 COLLATE utf8mb4_unicode_ci NULL DEFAULT NULL COMMENT '角色标识',
  `sex` varchar(255) CHARACTER SET utf8mb4 COLLATE utf8mb4_unicode_ci NULL DEFAULT NULL COMMENT '性别',
  `phone` varchar(255) CHARACTER SET utf8mb4 COLLATE utf8mb4_unicode_ci NULL DEFAULT NULL COMMENT '电话',
  `email` varchar(255) CHARACTER SET utf8mb4 COLLATE utf8mb4_unicode_ci NULL DEFAULT NULL COMMENT '邮箱',
  `info` varchar(255) CHARACTER SET utf8mb4 COLLATE utf8mb4_unicode_ci NULL DEFAULT NULL COMMENT '简介',
  `birth` varchar(255) CHARACTER SET utf8mb4 COLLATE utf8mb4_unicode_ci NULL DEFAULT NULL COMMENT '生日',
  PRIMARY KEY (`id`) USING BTREE
) ENGINE = InnoDB AUTO_INCREMENT = 15 CHARACTER SET = utf8mb4 COLLATE = utf8mb4_unicode_ci COMMENT = '用户信息' ROW_FORMAT = DYNAMIC;

-- ----------------------------
-- Records of user
-- ----------------------------
INSERT INTO `user` VALUES (4, 'ccc', '123456', '92650041f7b179e5d0bd54fd82e27414e2a20d9d458ef35d592eff9f1427e1b8', '小青哥', 'http://localhost:9090/files/1702263503066-微信截图_20231114162559.png', 'USER', '男', '1398899778', NULL, '我是小青哥哥，我专门带小白做项目我是小青哥哥，我专门带小白做项目我是小青哥哥，我专门带小白做项目我是小青哥哥，我专门带小白做项目', NULL);
INSERT INTO `user` VALUES (5, 'aaa', 'P5k6zfQ8kPb+o9pksvBW7A==', '4a7f373132846cf921acd9edda9eeb1ba176ce4fc9cf227c375e51eed261b9dc', 'aaa', 'http://localhost:9090/files/1721962398286-QQ图片20230403182218.jpg', 'USER', NULL, '13899887788', 'aaa@xm.com', '', NULL);
INSERT INTO `user` VALUES (9, 'vvv', '123456', '92650041f7b179e5d0bd54fd82e27414e2a20d9d458ef35d592eff9f1427e1b8', 'vvv', 'http://localhost:9090/files/1701672091418-微信截图_20231114162516.png', 'USER', '男', '13988776689', 'vvv@xm.com', '我是大V，快关注我', '2000-12-01');
INSERT INTO `user` VALUES (10, 'acc', '123456', '92650041f7b179e5d0bd54fd82e27414e2a20d9d458ef35d592eff9f1427e1b8', 'acc', 'http://localhost:9090/files/1702263517115-微信截图_20231018172452.png', 'USER', NULL, NULL, NULL, NULL, NULL);
INSERT INTO `user` VALUES (11, 'abc', '123456', 'a45d55899da02c441c3b33dcc05914c31c1168d3644ca6f7f720ecd95982aca6', 'abc', 'http://localhost:9090/files/1701745246171-微信截图_20231114162404.png', 'USER', NULL, '13899887799', NULL, NULL, NULL);
INSERT INTO `user` VALUES (12, 'aff', '123456', '92650041f7b179e5d0bd54fd82e27414e2a20d9d458ef35d592eff9f1427e1b8', 'aff', 'http://localhost:9090/files/1702376508412-微信截图_20231018172452.png', 'USER', NULL, NULL, NULL, NULL, NULL);
INSERT INTO `user` VALUES (15, 'salt', 'fgVFsUiD1PxnWPFfJLuPtA==', 'ca392b42c89875b4e732a895e665dd73f8b9fa848e271877249de00b5d1b8af9', 'salt', NULL, 'USER', NULL, NULL, NULL, NULL, NULL);

SET FOREIGN_KEY_CHECKS = 1;
